id;data_inversa;dia_semana;horario;uf;br;km;municipio;causa_acidente;tipo_acidente;classificacao_acidente;fase_dia;sentido_via;condicao_metereologica;tipo_pista;tracado_via;uso_solo;pessoas;veiculos
651327;2010-02-01;Segunda;15:00:00;SP;116;213.5;GUARULHOS;Falta de atenção;Colisão lateral;Sem Vítimas;Pleno dia;Crescente;Sol;Múltipla;Reta;Urbano;2;2
651549;2010-02-01;Segunda;06:00:00;SP;116;193.0;ARUJA;Outras;Colisão traseira;Sem Vítimas;Amanhecer;Crescente;Ceu Claro;Dupla;Reta;Rural;3;3
651644;2010-02-01;Segunda;20:20:00;SP;116;225.3;GUARULHOS;Outras;Colisão traseira;Com Vítimas Feridas;Plena noite;Decrescente;Chuva;Múltipla;Reta;Urbano;5;4
651743;2010-01-29;Sexta;17:00:00;SP;116;229.0;SAO PAULO;Outras;Colisão traseira;Sem Vítimas;Pleno dia;Crescente;Chuva;Múltipla;Reta;Urbano;3;3
651776;2010-01-28;Quinta;15:30:00;SP;116;223.0;GUARULHOS;Outras;Colisão traseira;Sem Vítimas;Pleno dia;Decrescente;Sol;Múltipla;Reta;Urbano;2;2
651819;2010-01-31;Domingo;17:40:00;SP;116;216.5;GUARULHOS;Outras;Colisão traseira;Com Vítimas Feridas;Pleno dia;Crescente;Nublado;Múltipla;Reta;Urbano;3;2
651825;2010-01-29;Sexta;08:00:00;SP;116;224.0;GUARULHOS;Não guardar distância de segurança;Colisão lateral;Com Vítimas Feridas;Amanhecer;Decrescente;Chuva;Múltipla;Reta;Urbano;2;2
651834;2010-02-01;Segunda;01:30:00;SP;116;198.0;ARUJA;Outras;Colisão traseira;Sem Vítimas;Plena noite;Crescente;Ceu Claro;Dupla;Reta;Urbano;2;2
651883;2010-02-02;Terça;20:30:00;SP;116;205.0;ARUJA;Outras;Colisão com objeto móvel;Sem Vítimas;Plena noite;Decrescente;Nublado;Dupla;Reta;Urbano;1;1
651889;2010-01-30;Sábado;04:30:00;SP;116;141.0;SAO JOSE DOS CAMPOS;Outras;Colisão com objeto fixo;Com Vítimas Feridas;Plena noite;Decrescente;Nublado;Dupla;Reta;Urbano;1;1
651902;2010-02-02;Terça;22:00:00;SP;116;128.0;CACAPAVA;Outras;Colisão traseira;Sem Vítimas;Plena noite;Decrescente;Ceu Claro;Dupla;Reta;Urbano;2;2
652109;2010-01-31;Domingo;06:34:00;SP;116;163.0;JACAREI;Ingestão de álcool;Queda de motocicleta / bicicleta / veículo;Com Vítimas Feridas;Amanhecer;Crescente;Ceu Claro;Dupla;Reta;Rural;1;1
652135;2010-02-01;Segunda;06:20:00;SP;116;194.0;ARUJA;Falta de atenção;Colisão traseira;Sem Vítimas;Pleno dia;Crescente;Ceu Claro;Dupla;Reta;Rural;2;2
652151;2010-02-03;Quarta;15:30:00;SP;116;197.0;ARUJA;Falta de atenção;Colisão traseira;Sem Vítimas;Pleno dia;Crescente;Ceu Claro;Simples;Reta;Rural;2;2
652344;2010-01-28;Quinta;07:45:00;SP;116;222.0;GUARULHOS;Outras;Colisão lateral;Com Vítimas Feridas;Pleno dia;Decrescente;Ceu Claro;Múltipla;Reta;Urbano;3;3
652506;2010-01-29;Sexta;15:45:00;SP;116;157.0;SAO JOSE DOS CAMPOS;Outras;Colisão traseira;Sem Vítimas;Pleno dia;Decrescente;Chuva;Dupla;Reta;Urbano;2;2
652525;2010-02-04;Quinta;11:15:00;SP;116;133.8;CACAPAVA;Outras;Colisão com objeto móvel;Sem Vítimas;Pleno dia;Crescente;Ceu Claro;Dupla;Reta;Urbano;1;1
652538;2010-01-30;Sábado;06:10:00;SP;116;143.6;SAO JOSE DOS CAMPOS;Outras;Capotamento;Com Vítimas Feridas;Pleno dia;Decrescente;Ceu Claro;Dupla;Reta;Urbano;2;2
652595;2010-01-27;Quarta;09:31:00;SP;116;149.6;SAO JOSE DOS CAMPOS;Outras;Colisão traseira;Sem Vítimas;Pleno dia;Decrescente;Sol;Dupla;Reta;Urbano;2;2
652653;2010-02-03;Quarta;08:15:00;SP;116;157.0;SAO JOSE DOS CAMPOS;Falta de atenção;Colisão traseira;Sem Vítimas;Pleno dia;Decrescente;Ceu Claro;Múltipla;Reta;Rural;3;3
652736;2010-02-03;Quarta;07:00:00;SP;116;152.8;SAO JOSE DOS CAMPOS;Defeito mecânico em veículo;Colisão traseira;Com Vítimas Feridas;Amanhecer;Decrescente;Ceu Claro;Dupla;Reta;Urbano;2;2
652756;2010-01-28;Quinta;16:40:00;SP;116;142.4;SAO JOSE DOS CAMPOS;Falta de atenção;Colisão traseira;Sem Vítimas;Pleno dia;Decrescente;Ceu Claro;Dupla;Reta;Urbano;2;2
652758;2010-02-03;Quarta;07:15:00;SP;116;154.0;SAO JOSE DOS CAMPOS;Não guardar distância de segurança;Colisão traseira;Sem Vítimas;Amanhecer;Decrescente;Ceu Claro;Dupla;Reta;Urbano;2;2
652924;2010-01-29;Sexta;07:00:00;SP;116;146.0;SAO JOSE DOS CAMPOS;Outras;Colisão traseira;Sem Vítimas;Pleno dia;Crescente;Nublado;Dupla;Reta;Urbano;2;2
653042;2010-01-29;Sexta;08:00:00;SP;116;229.0;SAO PAULO;Outras;Colisão traseira;Com Vítimas Feridas;Pleno dia;Crescente;Ceu Claro;Múltipla;Reta;Urbano;2;2
653177;2010-02-01;Segunda;16:30:00;SP;116;177.0;GUARAREMA;Outras;Saída de Pista;Sem Vítimas;Pleno dia;Crescente;Chuva;Dupla;Reta;Urbano;1;1
653256;2010-02-05;Sexta;11:15:00;SP;116;219.8;GUARULHOS;Não guardar distância de segurança;Colisão lateral;Com Vítimas Feridas;Pleno dia;Decrescente;Sol;Múltipla;Reta;Urbano;2;2
653421;2010-02-04;Quinta;12:15:00;SP;116;221.0;GUARULHOS;Outras;Colisão lateral;Sem Vítimas;Pleno dia;Decrescente;Ceu Claro;Múltipla;Reta;Urbano;3;3
653502;2010-02-06;Sábado;08:30:00;SP;116;148.0;SAO JOSE DOS CAMPOS;Outras;Colisão com objeto fixo;Sem Vítimas;Pleno dia;Decrescente;Ceu Claro;Dupla;Reta;Urbano;1;1
653612;2010-01-29;Sexta;17:30:00;SP;116;220.0;GUARULHOS;Não guardar distância de segurança;Colisão lateral;Sem Vítimas;Pleno dia;Crescente;Ceu Claro;Múltipla;Reta;Urbano;2;2
653663;2010-02-02;Terça;18:40:00;SP;116;206.0;GUARULHOS;Outras;Colisão traseira;Sem Vítimas;Pleno dia;Decrescente;Chuva;Dupla;Reta;Urbano;2;2
653746;2010-02-06;Sábado;18:00:00;SP;116;107.0;TAUBATE;Falta de atenção;Colisão traseira;Sem Vítimas;Anoitecer;Decrescente;Chuva;Simples;Curva;Urbano;2;2
653800;2010-02-06;Sábado;21:00:00;SP;116;208.7;GUARULHOS;Outras;Colisão traseira;Com Vítimas Feridas;Plena noite;Decrescente;Nublado;Dupla;Reta;Urbano;3;2
653813;2010-02-06;Sábado;17:45:00;SP;116;123.2;CACAPAVA;Outras;Colisão traseira;Com Vítimas Feridas;Pleno dia;Decrescente;Ignorada;Dupla;Reta;Rural;3;2
653976;2010-02-05;Sexta;04:30:00;SP;116;138.8;SAO JOSE DOS CAMPOS;Outras;Colisão traseira;Sem Vítimas;Plena noite;Decrescente;Ceu Claro;Dupla;Reta;Urbano;2;2
653981;2010-02-07;Domingo;11:55:00;SP;116;211.0;GUARULHOS;Outras;Colisão com objeto fixo;Com Vítimas Feridas;Plena noite;Crescente;Sol;Dupla;Reta;Urbano;2;2
653994;2010-01-31;Domingo;04:30:00;SP;116;229.0;SAO PAULO;Falta de atenção;Colisão lateral;Com Vítimas Feridas;Plena noite;Crescente;Ceu Claro;Múltipla;Reta;Urbano;3;3
654032;2010-02-04;Quinta;14:45:00;SP;116;165.0;JACAREI;Falta de atenção;Colisão com objeto fixo;Sem Vítimas;Pleno dia;Decrescente;Sol;Múltipla;Reta;Urbano;1;1
654085;2010-02-07;Domingo;20:00:00;SP;116;123.9;CACAPAVA;Outras;Capotamento;Sem Vítimas;Anoitecer;Crescente;Ceu Claro;Dupla;Reta;Rural;2;2
654144;2010-01-26;Terça;14:40:00;SP;116;219.2;GUARULHOS;Falta de atenção;Colisão traseira;Sem Vítimas;Pleno dia;Decrescente;Nublado;Múltipla;Reta;Urbano;3;3
654163;2010-02-05;Sexta;16:45:00;SP;116;212.0;GUARULHOS;Não guardar distância de segurança;Colisão traseira;Sem Vítimas;Pleno dia;Decrescente;Sol;Múltipla;Reta;Urbano;2;2
654199;2010-02-07;Domingo;11:00:00;SP;116;157.9;JACAREI;Ingestão de álcool;Colisão com objeto fixo;Sem Vítimas;Pleno dia;Decrescente;Ceu Claro;Dupla;Reta;Urbano;2;2
654263;2010-02-03;Quarta;09:00:00;SP;116;103.0;TAUBATE;Outras;Colisão com objeto móvel;Sem Vítimas;Pleno dia;Crescente;Ceu Claro;Dupla;Reta;Rural;1;1
654281;2010-02-05;Sexta;05:07:00;SP;116;104.6;TAUBATE;Outras;Capotamento;Com Vítimas Feridas;Amanhecer;Decrescente;Ceu Claro;Dupla;Reta;Rural;3;2
654334;2010-01-29;Sexta;13:45:00;SP;116;201.0;ARUJA;Outras;Colisão traseira;Sem Vítimas;Pleno dia;Crescente;Ceu Claro;Dupla;Reta;Urbano;2;2
654339;2010-01-26;Terça;06:10:00;SP;116;219.0;GUARULHOS;Falta de atenção;Colisão traseira;Sem Vítimas;Amanhecer;Crescente;Ceu Claro;Múltipla;Reta;Urbano;3;3
654348;2010-01-30;Sábado;03:30:00;SP;116;204.0;ARUJA;Outras;Colisão traseira;Sem Vítimas;Plena noite;Crescente;Ceu Claro;Dupla;Reta;Urbano;2;2
654360;2010-02-06;Sábado;02:30:00;SP;116;219.5;GUARULHOS;Outras;Colisão lateral;Sem Vítimas;Plena noite;Crescente;Nublado;Múltipla;Reta;Urbano;2;2
654362;2010-02-03;Quarta;15:55:00;SP;116;155.0;SAO JOSE DOS CAMPOS;Falta de atenção;Colisão traseira;Sem Vítimas;Pleno dia;Crescente;Ceu Claro;Dupla;Reta;Urbano;2;2
654387;2010-02-08;Segunda;05:25:00;SP;116;165.0;JACAREI;Outras;Colisão com objeto fixo;Sem Vítimas;Plena noite;Decrescente;Ceu Claro;Múltipla;Reta;Rural;1;1
654431;2010-02-07;Domingo;14:50:00;SP;116;157.0;SAO JOSE DOS CAMPOS;Outras;Colisão lateral;Sem Vítimas;Pleno dia;Decrescente;Ceu Claro;Dupla;Reta;Urbano;3;3
654476;2010-02-05;Sexta;18:30:00;SP;116;223.8;GUARULHOS;Defeito na via;Queda de motocicleta / bicicleta / veículo;Com Vítimas Feridas;Pleno dia;Decrescente;Nublado;Múltipla;Reta;Urbano;1;1
654526;2010-02-06;Sábado;22:55:00;SP;116;218.0;GUARULHOS;Outras;Colisão traseira;Com Vítimas Feridas;Plena noite;Crescente;Ceu Claro;Múltipla;Reta;Urbano;3;2
654618;2010-02-05;Sexta;01:20:00;SP;116;101.2;PINDAMONHANGABA;Outras;Colisão traseira;Sem Vítimas;Plena noite;Decrescente;Ceu Claro;Dupla;Reta;Rural;2;2
654725;2010-02-08;Segunda;07:30:00;SP;116;215.3;GUARULHOS;Outras;Colisão traseira;Sem Vítimas;Pleno dia;Crescente;Sol;Múltipla;Reta;Urbano;2;2
654737;2010-02-08;Segunda;17:00:00;SP;116;212.0;GUARULHOS;Outras;Colisão traseira;Com Vítimas Feridas;Pleno dia;Crescente;Sol;Múltipla;Reta;Urbano;2;2
654756;2010-02-08;Segunda;23:30:00;SP;116;132.9;CACAPAVA;Outras;Colisão traseira;Sem Vítimas;Plena noite;Decrescente;Ceu Claro;Dupla;Reta;Urbano;2;2
654883;2010-01-31;Domingo;06:40:00;SP;116;219.0;GUARULHOS;Falta de atenção;Atropelamento de pessoa;Com Vítimas Feridas;Amanhecer;Decrescente;Ceu Claro;Múltipla;Reta;Urbano;2;1
654940;2010-02-03;Quarta;20:30:00;SP;116;212.0;GUARULHOS;Outras;Danos Eventuais;Sem Vítimas;Plena noite;Decrescente;Nublado;Múltipla;Reta;Urbano;1;1
654951;2010-02-07;Domingo;18:00:00;SP;116;222.0;GUARULHOS;Outras;Atropelamento de pessoa;Com Vítimas Fatais;Pleno dia;Crescente;Sol;Múltipla;Reta;Urbano;2;1
654982;2010-02-02;Terça;23:00:00;SP;116;111.4;TAUBATE;Outras;Colisão com objeto fixo;Sem Vítimas;Plena noite;Crescente;Ceu Claro;Dupla;Reta;Urbano;2;2
655064;2010-02-07;Domingo;18:55:00;SP;116;212.0;GUARULHOS;Outras;Colisão lateral;Sem Vítimas;Pleno dia;Crescente;Ceu Claro;Múltipla;Reta;Urbano;2;2
655111;2010-02-06;Sábado;15:00:00;SP;116;208.0;GUARULHOS;Defeito mecânico em veículo;Capotamento;Com Vítimas Feridas;Pleno dia;Decrescente;Sol;Múltipla;Reta;Urbano;3;1
655221;2010-02-09;Terça;08:00:00;SP;116;226.3;GUARULHOS;Não guardar distância de segurança;Colisão traseira;Sem Vítimas;Pleno dia;Crescente;Sol;Múltipla;Reta;Urbano;4;4
655228;2010-02-05;Sexta;22:00:00;SP;116;101.0;PINDAMONHANGABA;Falta de atenção;Colisão lateral;Sem Vítimas;Plena noite;Decrescente;Ceu Claro;Múltipla;Reta;Rural;2;2
655258;2010-02-09;Terça;09:00:00;SP;116;166.7;JACAREI;Defeito mecânico em veículo;Colisão com objeto fixo;Sem Vítimas;Pleno dia;Decrescente;Sol;Dupla;Reta;Rural;1;1
655270;2010-02-09;Terça;13:40:00;SP;116;229.4;SAO PAULO;Não guardar distância de segurança;Colisão traseira;Sem Vítimas;Pleno dia;Crescente;Ceu Claro;Múltipla;Reta;Urbano;3;3
655491;2010-02-07;Domingo;17:17:00;SP;116;174.0;JACAREI;Ingestão de álcool;Colisão traseira;Sem Vítimas;Pleno dia;Crescente;Ceu Claro;Dupla;Reta;Rural;2;2
655539;2010-02-08;Segunda;12:30:00;SP;116;229.0;SAO PAULO;Falta de atenção;Colisão traseira;Sem Vítimas;Pleno dia;Crescente;Ceu Claro;Múltipla;Reta;Urbano;2;2
655572;2010-02-07;Domingo;18:50:00;SP;116;217.0;GUARULHOS;Outras;Atropelamento de pessoa;Com Vítimas Fatais;Pleno dia;Crescente;Nublado;Dupla;Reta;Urbano;3;2
655590;2010-02-09;Terça;05:31:00;SP;116;152.0;SAO JOSE DOS CAMPOS;Dormindo;Colisão traseira;Sem Vítimas;Amanhecer;Crescente;Ceu Claro;Dupla;Reta;Urbano;2;2
655645;2010-02-07;Domingo;06:20:00;SP;116;133.3;CACAPAVA;Velocidade incompatível;Capotamento;Com Vítimas Feridas;Amanhecer;Decrescente;Ceu Claro;Dupla;Reta;Rural;4;3
655646;2010-02-10;Quarta;15:30:00;SP;116;146.0;SAO JOSE DOS CAMPOS;Outras;Colisão traseira;Sem Vítimas;Pleno dia;Crescente;Nublado;Dupla;Reta;Urbano;3;3
655678;2010-02-08;Segunda;19:15:00;SP;116;158.0;JACAREI;Velocidade incompatível;Queda de motocicleta / bicicleta / veículo;Com Vítimas Feridas;Anoitecer;Crescente;Ceu Claro;Dupla;Curva;Urbano;1;1
655680;2010-02-04;Quinta;17:30:00;SP;116;187.0;SANTA ISABEL;Outras;Saída de Pista;Sem Vítimas;Anoitecer;Decrescente;Chuva;Dupla;Reta;Urbano;1;1
655737;2010-02-10;Quarta;16:15:00;SP;116;146.0;SAO JOSE DOS CAMPOS;Falta de atenção;Colisão lateral;Sem Vítimas;Pleno dia;Crescente;Sol;Dupla;Reta;Rural;2;2
655744;2010-02-09;Terça;09:00:00;SP;116;99.0;PINDAMONHANGABA;Outras;Queda de motocicleta / bicicleta / veículo;Com Vítimas Feridas;Pleno dia;Crescente;Sol;Dupla;Reta;Urbano;2;1
655763;2010-02-07;Domingo;16:25:00;SP;116;100.0;PINDAMONHANGABA;Outras;Colisão traseira;Sem Vítimas;Pleno dia;Crescente;Sol;Dupla;Reta;Rural;2;2
655770;2010-02-07;Domingo;05:28:00;SP;116;133.3;CACAPAVA;Ultrapassagem indevida;Colisão traseira;Com Vítimas Feridas;Pleno dia;Decrescente;Ceu Claro;Dupla;Reta;Urbano;2;2
655815;2010-02-09;Terça;17:55:00;SP;116;222.0;GUARULHOS;Outras;Queda de motocicleta / bicicleta / veículo;Ignorado;Pleno dia;Decrescente;Ceu Claro;Múltipla;Reta;Urbano;1;1
655822;2010-02-06;Sábado;21:20:00;SP;116;116.0;TAUBATE;Outras;Colisão com objeto fixo;Sem Vítimas;Plena noite;Crescente;Chuva;Dupla;Reta;Urbano;1;1
655929;2010-02-07;Domingo;18:25:00;SP;116;101.2;PINDAMONHANGABA;Outras;Colisão traseira;Sem Vítimas;Pleno dia;Crescente;Nublado;Dupla;Reta;Rural;2;2
655930;2010-02-03;Quarta;18:30:00;SP;116;102.3;PINDAMONHANGABA;Outras;Colisão com objeto fixo;Sem Vítimas;Pleno dia;Crescente;Ceu Claro;Dupla;Reta;Rural;1;1
655968;2010-02-08;Segunda;14:25:00;SP;116;101.6;PINDAMONHANGABA;Velocidade incompatível;Colisão com objeto fixo;Sem Vítimas;Pleno dia;Crescente;Sol;Dupla;Reta;Rural;2;2
655972;2010-02-11;Quinta;07:15:00;SP;116;154.5;SAO JOSE DOS CAMPOS;Falta de atenção;Capotamento;Sem Vítimas;Pleno dia;Crescente;Ceu Claro;Dupla;Reta;Urbano;1;1
655976;2010-02-07;Domingo;07:00:00;SP;116;220.0;GUARULHOS;Outras;Colisão lateral;Sem Vítimas;Amanhecer;Decrescente;Ceu Claro;Múltipla;Reta;Urbano;3;3
656015;2010-02-07;Domingo;17:20:00;SP;116;99.8;PINDAMONHANGABA;Outras;Colisão traseira;Com Vítimas Feridas;Pleno dia;Crescente;Sol;Dupla;Reta;Rural;4;3
656024;2010-02-10;Quarta;14:00:00;SP;116;216.1;GUARULHOS;Falta de atenção;Colisão lateral;Sem Vítimas;Pleno dia;Decrescente;Nublado;Múltipla;Reta;Urbano;2;2
656028;2010-02-09;Terça;16:30:00;SP;116;167.0;JACAREI;Outras;Colisão lateral;Sem Vítimas;Pleno dia;Decrescente;Nublado;Dupla;Reta;Urbano;2;2
656125;2010-02-06;Sábado;10:56:00;SP;116;178.0;GUARAREMA;Outras;Colisão traseira;Sem Vítimas;Pleno dia;Crescente;Ceu Claro;Dupla;Reta;Rural;3;3
656205;2010-02-10;Quarta;07:30:00;SP;116;220.0;GUARULHOS;Outras;Colisão traseira;Sem Vítimas;Pleno dia;Decrescente;Ceu Claro;Múltipla;Reta;Urbano;2;2
656251;2010-02-10;Quarta;16:45:00;SP;116;148.2;SAO JOSE DOS CAMPOS;Falta de atenção;Colisão lateral;Sem Vítimas;Pleno dia;Decrescente;Ceu Claro;Dupla;Reta;Urbano;2;2
656260;2010-02-11;Quinta;18:57:00;SP;116;172.0;JACAREI;Outras;Tombamento;Sem Vítimas;Anoitecer;Decrescente;Chuva;Dupla;Reta;Rural;1;1
656273;2010-01-24;Domingo;06:20:00;SP;116;221.0;GUARULHOS;Falta de atenção;Colisão lateral;Sem Vítimas;Amanhecer;Decrescente;Chuva;Múltipla;Reta;Urbano;2;2
656349;2010-02-11;Quinta;22:00:00;SP;116;165.0;JACAREI;Outras;Colisão traseira;Sem Vítimas;Plena noite;Decrescente;Ceu Claro;Dupla;Reta;Rural;3;3
656398;2010-02-08;Segunda;21:30:00;SP;116;220.8;GUARULHOS;Outras;Colisão traseira;Sem Vítimas;Plena noite;Decrescente;Ceu Claro;Múltipla;Reta;Urbano;3;3
656465;2010-02-07;Domingo;18:00:00;SP;116;229.0;SAO PAULO;Outras;Colisão traseira;Sem Vítimas;Pleno dia;Decrescente;Ceu Claro;Múltipla;Reta;Urbano;2;2
656546;2010-02-12;Sexta;08:50:00;SP;116;113.0;TAUBATE;Falta de atenção;Colisão com objeto fixo;Sem Vítimas;Pleno dia;Decrescente;Ceu Claro;Dupla;Reta;Urbano;1;1
656644;2010-02-09;Terça;19:30:00;SP;116;148.0;SAO JOSE DOS CAMPOS;Outras;Queda de motocicleta / bicicleta / veículo;Com Vítimas Feridas;Anoitecer;Crescente;Ceu Claro;Dupla;Reta;Urbano;2;1
656737;2010-02-12;Sexta;20:10:00;SP;116;135.0;SAO JOSE DOS CAMPOS;Falta de atenção;Capotamento;Sem Vítimas;Plena noite;Decrescente;Ceu Claro;Dupla;Reta;Rural;1;1
657160;2010-02-13;Sábado;10:30:00;SP;116;119.7;CACAPAVA;Outras;Colisão traseira;Sem Vítimas;Pleno dia;Decrescente;Ceu Claro;Dupla;Reta;Urbano;2;2
657171;2010-02-05;Sexta;08:30:00;SP;116;218.0;GUARULHOS;Não guardar distância de segurança;Colisão traseira;Sem Vítimas;Pleno dia;Decrescente;Sol;Múltipla;Reta;Urbano;2;2
657196;2010-02-09;Terça;09:30:00;SP;116;226.0;GUARULHOS;Outras;Queda de motocicleta / bicicleta / veículo;Ignorado;Amanhecer;Decrescente;Sol;Múltipla;Reta;Urbano;1;1
657206;2010-02-13;Sábado;08:20:00;SP;116;114.0;TAUBATE;Outras;Colisão traseira;Sem Vítimas;Amanhecer;Crescente;Sol;Dupla;Reta;Urbano;2;2
657209;2010-02-10;Quarta;04:00:00;SP;116;219.0;GUARULHOS;Outras;Capotamento;Sem Vítimas;Plena noite;Crescente;Ceu Claro;Múltipla;Reta;Urbano;1;1
657211;2010-02-08;Segunda;11:10:00;SP;116;205.0;ARUJA;Outras;Colisão traseira;Sem Vítimas;Pleno dia;Crescente;Ceu Claro;Dupla;Reta;Urbano;2;2
657231;2010-02-13;Sábado;15:04:00;SP;116;214.0;GUARULHOS;Outras;Colisão com objeto fixo;Ignorado;Pleno dia;Decrescente;Sol;Múltipla;Reta;Urbano;2;1
657247;2010-02-10;Quarta;02:10:00;SP;116;118.0;TAUBATE;Outras;Colisão traseira;Sem Vítimas;Plena noite;Crescente;Nublado;Dupla;Reta;Rural;2;2
657265;2010-02-08;Segunda;18:45:00;SP;116;213.0;GUARULHOS;Falta de atenção;Colisão traseira;Com Vítimas Feridas;Anoitecer;Decrescente;Ceu Claro;Múltipla;Reta;Urbano;3;2
657330;2010-02-09;Terça;16:50:00;SP;116;156.0;SAO JOSE DOS CAMPOS;Outras;Colisão com objeto fixo;Sem Vítimas;Pleno dia;Crescente;Ceu Claro;Dupla;Reta;Urbano;2;2
657371;2010-02-09;Terça;17:20:00;SP;116;157.0;SAO JOSE DOS CAMPOS;Outras;Colisão traseira;Sem Vítimas;Pleno dia;Decrescente;Nublado;Simples;Reta;Urbano;3;3
657607;2010-02-09;Terça;08:20:00;SP;116;195.7;ARUJA;Desobediência à sinalização;Atropelamento de pessoa;Com Vítimas Fatais;Pleno dia;Decrescente;Sol;Dupla;Reta;Rural;2;1
657628;2010-02-11;Quinta;08:15:00;SP;116;158.5;JACAREI;Não guardar distância de segurança;Colisão traseira;Sem Vítimas;Pleno dia;Decrescente;Ceu Claro;Dupla;Reta;Urbano;2;2
657630;2010-02-09;Terça;13:20:00;SP;116;196.7;ARUJA;Velocidade incompatível;Colisão com objeto fixo;Com Vítimas Feridas;Pleno dia;Crescente;Sol;Dupla;Reta;Rural;1;1
657646;2010-02-11;Quinta;19:30:00;SP;116;177.0;GUARAREMA;Outras;Colisão com objeto fixo;Sem Vítimas;Plena noite;Crescente;Chuva;Dupla;Curva;Rural;1;1
657648;2010-02-10;Quarta;03:00:00;SP;116;210.0;GUARULHOS;Não guardar distância de segurança;Colisão traseira;Com Vítimas Feridas;Plena noite;Decrescente;Chuva;Dupla;Reta;Urbano;2;2
657663;2010-02-11;Quinta;18:45:00;SP;116;178.0;GUARAREMA;Outras;Colisão Transversal;Sem Vítimas;Anoitecer;Decrescente;Chuva;Dupla;Reta;Rural;2;2
657666;2010-02-10;Quarta;06:40:00;SP;116;211.0;GUARULHOS;Não guardar distância de segurança;Colisão traseira;Sem Vítimas;Amanhecer;Crescente;Nublado;Múltipla;Reta;Urbano;3;3
657746;2010-02-14;Domingo;09:30:00;SP;116;199.0;ARUJA;Falta de atenção;Colisão lateral;Sem Vítimas;Pleno dia;Decrescente;Sol;Dupla;Reta;Urbano;2;2
658096;2010-02-12;Sexta;16:59:00;SP;116;111.5;TAUBATE;Falta de atenção;Colisão traseira;Sem Vítimas;Pleno dia;Decrescente;Ceu Claro;Dupla;Reta;Urbano;2;2
658225;2010-02-13;Sábado;08:45:00;SP;116;117.0;TAUBATE;Outras;Colisão traseira;Sem Vítimas;Pleno dia;Decrescente;Ceu Claro;Dupla;Reta;Rural;2;2
658237;2010-02-11;Quinta;19:00:00;SP;116;142.6;SAO JOSE DOS CAMPOS;Outras;Colisão traseira;Sem Vítimas;Anoitecer;Crescente;Nublado;Dupla;Reta;Urbano;2;2
658265;2010-02-15;Segunda;09:00:00;SP;116;127.5;CACAPAVA;Outras;Colisão traseira;Sem Vítimas;Pleno dia;Crescente;Ceu Claro;Dupla;Reta;Urbano;2;2
658358;2010-02-13;Sábado;05:20:00;SP;116;214.0;GUARULHOS;Defeito na via;Colisão com objeto fixo;Sem Vítimas;Plena noite;Decrescente;Ceu Claro;Múltipla;Reta;Urbano;1;1
658386;2010-02-14;Domingo;15:15:00;SP;116;152.0;SAO JOSE DOS CAMPOS;Outras;Tombamento;Sem Vítimas;Pleno dia;Crescente;Ceu Claro;Dupla;Reta;Urbano;1;1
658397;2010-02-12;Sexta;22:40:00;SP;116;221.0;GUARULHOS;Outras;Colisão lateral;Sem Vítimas;Plena noite;Decrescente;Ceu Claro;Múltipla;Reta;Urbano;2;2
658460;2010-02-11;Quinta;08:55:00;SP;116;146.0;SAO JOSE DOS CAMPOS;Defeito mecânico em veículo;Colisão traseira;Com Vítimas Feridas;Pleno dia;Decrescente;Ceu Claro;Múltipla;Reta;Rural;2;2
658561;2010-02-15;Segunda;23:50:00;SP;116;144.6;SAO JOSE DOS CAMPOS;Defeito mecânico em veículo;Colisão traseira;Sem Vítimas;Plena noite;Crescente;Ceu Claro;Múltipla;Reta;Urbano;3;3
658725;2010-02-07;Domingo;00:10:00;SP;116;222.0;GUARULHOS;Defeito mecânico em veículo;Colisão traseira;Sem Vítimas;Plena noite;Crescente;Ceu Claro;Dupla;Reta;Urbano;3;3
658744;2010-02-12;Sexta;13:15:00;SP;116;216.0;GUARULHOS;Outras;Colisão traseira;Sem Vítimas;Pleno dia;Decrescente;Sol;Múltipla;Reta;Urbano;2;2
658756;2010-02-13;Sábado;03:10:00;SP;116;213.3;GUARULHOS;Outras;Capotamento;Com Vítimas Feridas;Plena noite;Decrescente;Ceu Claro;Múltipla;Reta;Urbano;1;1
658775;2010-02-10;Quarta;08:20:00;SP;116;229.0;SAO PAULO;Outras;Colisão traseira;Sem Vítimas;Pleno dia;Crescente;Ceu Claro;Dupla;Reta;Urbano;3;3
658869;2010-02-12;Sexta;14:25:00;SP;116;100.4;PINDAMONHANGABA;Falta de atenção;Colisão traseira;Sem Vítimas;Pleno dia;Crescente;Sol;Dupla;Reta;Rural;2;2
658908;2010-02-10;Quarta;15:20:00;SP;116;199.0;ARUJA;Outras;Colisão traseira;Sem Vítimas;Pleno dia;Crescente;Ceu Claro;Dupla;Reta;Urbano;2;2
658924;2010-02-16;Terça;11:00:00;SP;116;199.0;ARUJA;Falta de atenção;Colisão lateral;Sem Vítimas;Pleno dia;Decrescente;Ceu Claro;Dupla;Cruzamento;Urbano;2;2
658945;2010-02-03;Quarta;19:40:00;SP;116;215.0;GUARULHOS;Outras;Saída de Pista;Sem Vítimas;Plena noite;Crescente;Nublado;Múltipla;Reta;Urbano;2;2