id;data_inversa;dia_semana;horario;uf;br;km;municipio;causa_acidente;tipo_acidente;classificacao_acidente;fase_dia;sentido_via;condicao_metereologica;tipo_pista;tracado_via;uso_solo;pessoas;veiculos
665347;2010-02-26;Sexta;15:00:00;SP;116;165.0;JACAREI;Outras;Colisão traseira;Com Vítimas Feridas;Pleno dia;Crescente;Nublado;Múltipla;Reta;Rural;3;3
665348;2010-03-01;Segunda;07:18:00;SP;116;148.0;SAO JOSE DOS CAMPOS;Outras;Colisão traseira;Sem Vítimas;Amanhecer;Crescente;Nublado;Dupla;Reta;Rural;3;3
665376;2010-02-26;Sexta;23:55:00;SP;116;165.0;JACAREI;Falta de atenção;Colisão com objeto fixo;Sem Vítimas;Plena noite;Decrescente;Ceu Claro;Simples;Reta;Urbano;1;1
665431;2010-02-25;Quinta;05:40:00;SP;116;195.5;ARUJA;Outras;Colisão traseira;Sem Vítimas;Amanhecer;Crescente;Ceu Claro;Dupla;Reta;Urbano;2;2
665444;2010-03-01;Segunda;12:55:00;SP;116;151.2;SAO JOSE DOS CAMPOS;Outras;Colisão com objeto fixo;Sem Vítimas;Pleno dia;Crescente;Chuva;Simples;Reta;Urbano;1;1
665525;2010-03-01;Segunda;17:00:00;SP;116;107.8;TAUBATE;Outras;Colisão traseira;Sem Vítimas;Pleno dia;Decrescente;Chuva;Dupla;Reta;Urbano;2;2
665671;2010-03-01;Segunda;17:40:00;SP;116;107.5;TAUBATE;Falta de atenção;Colisão traseira;Sem Vítimas;Pleno dia;Decrescente;Chuva;Dupla;Reta;Urbano;3;3
665875;2010-02-13;Sábado;10:25:00;SP;116;173.0;GUARAREMA;Outras;Capotamento;Com Vítimas Feridas;Pleno dia;Decrescente;Ceu Claro;Dupla;Reta;Rural;2;1
665923;2010-02-26;Sexta;20:00:00;SP;116;222.0;GUARULHOS;Falta de atenção;Colisão traseira;Sem Vítimas;Plena noite;Decrescente;Nublado;Dupla;Reta;Urbano;3;3
665935;2010-03-01;Segunda;04:20:00;SP;116;154.8;SAO JOSE DOS CAMPOS;Outras;Capotamento;Com Vítimas Fatais;Plena noite;Crescente;Chuva;Dupla;Reta;Urbano;1;1
665946;2010-03-01;Segunda;13:50:00;SP;116;200.0;ARUJA;Não guardar distância de segurança;Colisão traseira;Com Vítimas Fatais;Pleno dia;Decrescente;Chuva;Dupla;Reta;Urbano;2;2
665963;2010-03-01;Segunda;08:10:00;SP;116;144.6;SAO JOSE DOS CAMPOS;Não guardar distância de segurança;Colisão traseira;Com Vítimas Feridas;Pleno dia;Crescente;Chuva;Dupla;Reta;Urbano;2;2
665970;2010-02-26;Sexta;11:50:00;SP;116;111.6;TAUBATE;Falta de atenção;Colisão lateral;Sem Vítimas;Pleno dia;Crescente;Nublado;Dupla;Reta;Urbano;2;2
665977;2010-02-24;Quarta;16:50:00;SP;116;107.4;TAUBATE;Outras;Danos Eventuais;Sem Vítimas;Pleno dia;Decrescente;Nublado;Dupla;Reta;Urbano;1;1
665984;2010-02-28;Domingo;19:20:00;SP;116;162.0;JACAREI;Falta de atenção;Colisão lateral;Sem Vítimas;Plena noite;Decrescente;Chuva;Dupla;Reta;Urbano;2;2
666001;2010-02-25;Quinta;16:30:00;SP;116;145.0;SAO JOSE DOS CAMPOS;Não guardar distância de segurança;Colisão traseira;Sem Vítimas;Pleno dia;Crescente;Chuva;Dupla;Reta;Urbano;2;2
666012;2010-02-27;Sábado;05:00:00;SP;116;218.0;GUARULHOS;Outras;Colisão traseira;Com Vítimas Feridas;Amanhecer;Decrescente;Ceu Claro;Múltipla;Reta;Urbano;2;2
666019;2010-03-01;Segunda;06:35:00;SP;116;156.0;SAO JOSE DOS CAMPOS;Não guardar distância de segurança;Colisão traseira;Sem Vítimas;Pleno dia;Decrescente;Chuva;Dupla;Reta;Urbano;2;2
666053;2010-02-26;Sexta;05:30:00;SP;116;145.9;SAO JOSE DOS CAMPOS;Outras;Colisão traseira;Com Vítimas Feridas;Amanhecer;Crescente;Nublado;Simples;Reta;Urbano;2;2
666126;2010-03-02;Terça;18:00:00;SP;116;142.5;SAO JOSE DOS CAMPOS;Outras;Colisão traseira;Sem Vítimas;Anoitecer;Crescente;Chuva;Dupla;Reta;Urbano;2;2
666172;2010-02-28;Domingo;08:00:00;SP;116;219.0;GUARULHOS;Outras;Colisão traseira;Sem Vítimas;Pleno dia;Decrescente;Nublado;Múltipla;Reta;Urbano;3;3
666330;2010-02-27;Sábado;10:25:00;SP;116;107.5;TAUBATE;Outras;Colisão com objeto fixo;Sem Vítimas;Pleno dia;Decrescente;Nublado;Simples;Curva;Urbano;1;1
666360;2010-02-27;Sábado;09:10:00;SP;116;204.0;ARUJA;Falta de atenção;Colisão traseira;Sem Vítimas;Pleno dia;Crescente;Ceu Claro;Dupla;Reta;Urbano;2;2
666373;2010-03-01;Segunda;07:45:00;SP;116;161.0;JACAREI;Não guardar distância de segurança;Colisão traseira;Sem Vítimas;Pleno dia;Decrescente;Chuva;Dupla;Reta;Urbano;2;2
666379;2010-03-01;Segunda;13:00:00;SP;116;226.0;GUARULHOS;Não guardar distância de segurança;Colisão traseira;Sem Vítimas;Pleno dia;Crescente;Nublado;Dupla;Reta;Urbano;2;2
666390;2010-02-22;Segunda;05:50:00;SP;116;186.0;SANTA ISABEL;Outras;Colisão traseira;Sem Vítimas;Amanhecer;Crescente;Nublado;Dupla;Reta;Rural;2;2
666406;2010-02-28;Domingo;17:15:00;SP;116;100.6;PINDAMONHANGABA;Falta de atenção;Colisão traseira;Sem Vítimas;Plena noite;Crescente;Nublado;Dupla;Reta;Rural;4;4
666409;2010-03-01;Segunda;07:45:00;SP;116;100.0;PINDAMONHANGABA;Falta de atenção;Colisão traseira;Sem Vítimas;Pleno dia;Crescente;Chuva;Dupla;Reta;Urbano;3;3
666454;2010-02-28;Domingo;05:20:00;SP;116;133.0;CACAPAVA;Outras;Colisão traseira;Sem Vítimas;Amanhecer;Crescente;Ceu Claro;Dupla;Reta;Urbano;4;4
666464;2010-03-03;Quarta;06:00:00;SP;116;144.0;SAO JOSE DOS CAMPOS;Outras;Capotamento;Com Vítimas Feridas;Pleno dia;Decrescente;Ceu Claro;Dupla;Reta;Urbano;4;1
666474;2010-03-01;Segunda;18:30:00;SP;116;229.0;SAO PAULO;Desobediência à sinalização;Colisão Transversal;Com Vítimas Feridas;Pleno dia;Crescente;Nublado;Múltipla;Reta;Urbano;2;2
666479;2010-02-24;Quarta;18:30:00;SP;116;226.4;GUARULHOS;Outras;Colisão lateral;Com Vítimas Feridas;Plena noite;Decrescente;Nublado;Múltipla;Reta;Urbano;3;2
666529;2010-03-01;Segunda;13:45:00;SP;116;228.0;SAO PAULO;Outras;Colisão lateral;Sem Vítimas;Pleno dia;Crescente;Chuva;Múltipla;Reta;Urbano;2;2
666608;2010-03-03;Quarta;07:20:00;SP;116;176.9;GUARAREMA;Defeito mecânico em veículo;Colisão com objeto móvel;Sem Vítimas;Pleno dia;Decrescente;Sol;Dupla;Reta;Rural;2;2
666650;2010-03-02;Terça;14:20:00;SP;116;223.0;GUARULHOS;Outras;Colisão traseira;Com Vítimas Feridas;Pleno dia;Decrescente;Chuva;Múltipla;Reta;Urbano;3;2
666720;2010-03-03;Quarta;14:30:00;SP;116;151.9;SAO JOSE DOS CAMPOS;Outras;Colisão lateral;Sem Vítimas;Pleno dia;Crescente;Nublado;Simples;Reta;Rural;2;2
666898;2010-02-03;Quarta;16:05:00;SP;116;154.0;SAO JOSE DOS CAMPOS;Outras;Colisão traseira;Sem Vítimas;Pleno dia;Crescente;Ceu Claro;Dupla;Reta;Urbano;2;2
666992;2010-02-24;Quarta;13:40:00;SP;116;212.0;GUARULHOS;Falta de atenção;Colisão lateral;Sem Vítimas;Pleno dia;Crescente;Ceu Claro;Múltipla;Reta;Urbano;2;2
667138;2010-02-25;Quinta;17:30:00;SP;116;157.0;JACAREI;Outras;Colisão lateral;Sem Vítimas;Pleno dia;Crescente;Chuva;Dupla;Reta;Urbano;2;2
667217;2010-03-01;Segunda;17:30:00;SP;116;149.0;SAO JOSE DOS CAMPOS;Outras;Colisão traseira;Sem Vítimas;Anoitecer;Decrescente;Chuva;Dupla;Reta;Rural;3;3
667267;2010-03-03;Quarta;06:15:00;SP;116;144.0;SAO JOSE DOS CAMPOS;Outras;Colisão traseira;Sem Vítimas;Pleno dia;Decrescente;Ceu Claro;Dupla;Reta;Urbano;2;2
667290;2010-03-01;Segunda;13:50:00;SP;116;228.0;SAO PAULO;Falta de atenção;Colisão com objeto fixo;Com Vítimas Feridas;Pleno dia;Decrescente;Chuva;Dupla;Reta;Urbano;1;1
667360;2010-03-04;Quinta;19:20:00;SP;116;228.0;SAO PAULO;Falta de atenção;Colisão lateral;Com Vítimas Feridas;Plena noite;Decrescente;Ceu Claro;Múltipla;Reta;Urbano;4;3
667368;2010-03-01;Segunda;05:30:00;SP;116;216.5;GUARULHOS;Outras;Colisão traseira;Sem Vítimas;Plena noite;Crescente;Ignorada;Múltipla;Reta;Urbano;2;2
667398;2010-03-01;Segunda;17:45:00;SP;116;131.0;TAUBATE;Falta de atenção;Colisão traseira;Sem Vítimas;Pleno dia;Decrescente;Chuva;Dupla;Reta;Rural;2;2
667436;2010-02-23;Terça;07:50:00;SP;116;226.0;GUARULHOS;Outras;Colisão traseira;Sem Vítimas;Pleno dia;Decrescente;Sol;Múltipla;Reta;Urbano;3;3
667473;2010-03-01;Segunda;19:20:00;SP;116;153.0;SAO JOSE DOS CAMPOS;Outras;Colisão traseira;Sem Vítimas;Plena noite;Crescente;Chuva;Simples;Reta;Urbano;2;2
667539;2010-03-03;Quarta;18:45:00;SP;116;223.2;GUARULHOS;Falta de atenção;Colisão traseira;Com Vítimas Feridas;Plena noite;Decrescente;Chuva;Múltipla;Reta;Urbano;3;2
667581;2010-03-05;Sexta;15:20:00;SP;116;124.9;CACAPAVA;Falta de atenção;Colisão traseira;Sem Vítimas;Plena noite;Decrescente;Nublado;Dupla;Reta;Rural;2;2
667657;2010-03-05;Sexta;17:35:00;SP;116;107.9;TAUBATE;Falta de atenção;Colisão com objeto fixo;Com Vítimas Feridas;Pleno dia;Decrescente;Nublado;Dupla;Reta;Urbano;2;1
667667;2010-03-05;Sexta;12:45:00;SP;116;212.2;GUARULHOS;Não guardar distância de segurança;Colisão traseira;Sem Vítimas;Pleno dia;Crescente;Nublado;Múltipla;Reta;Urbano;2;2
667680;2010-03-05;Sexta;15:00:00;SP;116;210.8;GUARULHOS;Não guardar distância de segurança;Colisão traseira;Sem Vítimas;Pleno dia;Decrescente;Nublado;Dupla;Reta;Urbano;2;2
667770;2010-03-05;Sexta;11:10:00;SP;116;218.0;GUARULHOS;Não guardar distância de segurança;Colisão traseira;Sem Vítimas;Pleno dia;Crescente;Nublado;Múltipla;Reta;Urbano;2;2
667780;2010-03-05;Sexta;19:45:00;SP;116;219.0;GUARULHOS;Não guardar distância de segurança;Colisão traseira;Sem Vítimas;Plena noite;Crescente;Nublado;Múltipla;Reta;Urbano;3;3
667853;2010-03-06;Sábado;00:50:00;SP;116;196.3;ARUJA;Outras;Colisão traseira;Com Vítimas Feridas;Plena noite;Crescente;Nublado;Dupla;Reta;Rural;3;2
667939;2010-03-06;Sábado;09:00:00;SP;116;196.0;ARUJA;Falta de atenção;Colisão com objeto fixo;Com Vítimas Feridas;Pleno dia;Decrescente;Chuva;Dupla;Curva;Urbano;2;1
667972;2010-03-04;Quinta;08:40:00;SP;116;157.0;JACAREI;Outras;Colisão traseira;Sem Vítimas;Pleno dia;Crescente;Nublado;Dupla;Reta;Urbano;2;2
668013;2010-03-05;Sexta;16:20:00;SP;116;183.5;SANTA ISABEL;Falta de atenção;Colisão lateral;Sem Vítimas;Pleno dia;Crescente;Nublado;Dupla;Reta;Rural;2;2
668033;2010-03-06;Sábado;11:32:00;SP;116;119.6;CACAPAVA;Outras;Colisão traseira;Sem Vítimas;Pleno dia;Decrescente;Chuva;Dupla;Reta;Rural;3;3
668035;2010-03-06;Sábado;11:30:00;SP;116;101.4;PINDAMONHANGABA;Outras;Tombamento;Sem Vítimas;Pleno dia;Crescente;Chuva;Dupla;Reta;Rural;1;1
668078;2010-03-03;Quarta;23:30:00;SP;116;224.0;GUARULHOS;Outras;Tombamento;Sem Vítimas;Plena noite;Decrescente;Nublado;Múltipla;Reta;Urbano;1;1
668103;2010-03-02;Terça;15:25:00;SP;116;100.8;PINDAMONHANGABA;Outras;Colisão traseira;Sem Vítimas;Pleno dia;Crescente;Chuva;Dupla;Reta;Rural;4;4
668117;2010-03-04;Quinta;19:30:00;SP;116;214.0;GUARULHOS;Falta de atenção;Atropelamento de pessoa;Com Vítimas Fatais;Plena noite;Crescente;Ceu Claro;Múltipla;Reta;Urbano;3;2
668222;2010-03-06;Sábado;11:30:00;SP;116;119.4;CACAPAVA;Outras;Capotamento;Com Vítimas Feridas;Pleno dia;Decrescente;Nublado;Dupla;Reta;Rural;2;2
668253;2010-03-06;Sábado;17:35:00;SP;116;124.6;CACAPAVA;Outras;Colisão lateral;Sem Vítimas;Pleno dia;Decrescente;Nublado;Dupla;Reta;Urbano;2;2
668443;2010-03-04;Quinta;14:00:00;SP;116;183.0;SANTA ISABEL;Outras;Colisão com objeto fixo;Sem Vítimas;Pleno dia;Decrescente;Nublado;Dupla;Reta;Rural;1;1
668500;2010-02-28;Domingo;21:00:00;SP;116;227.7;SAO PAULO;Outras;Colisão lateral;Sem Vítimas;Plena noite;Decrescente;Nublado;Múltipla;Reta;Urbano;2;2
668585;2010-02-27;Sábado;05:00:00;SP;116;229.0;SAO PAULO;Outras;Colisão traseira;Com Vítimas Fatais;Amanhecer;Crescente;Ceu Claro;Múltipla;Reta;Urbano;3;3
668623;2010-03-04;Quinta;18:20:00;SP;116;143.9;SAO JOSE DOS CAMPOS;Falta de atenção;Atropelamento de pessoa;Com Vítimas Feridas;Anoitecer;Crescente;Nublado;Dupla;Reta;Urbano;2;1
668635;2010-03-04;Quinta;19:15:00;SP;116;147.0;SAO JOSE DOS CAMPOS;Outras;Colisão traseira;Sem Vítimas;Plena noite;Crescente;Nublado;Dupla;Reta;Urbano;3;3
668671;2010-03-07;Domingo;19:52:00;SP;116;109.5;TAUBATE;Outras;Colisão com objeto fixo;Sem Vítimas;Plena noite;Decrescente;Ceu Claro;Dupla;Reta;Urbano;1;1
668789;2010-03-02;Terça;16:00:00;SP;116;222.5;GUARULHOS;Outras;Colisão lateral;Com Vítimas Feridas;Pleno dia;Decrescente;Ceu Claro;Múltipla;Reta;Urbano;3;3
668873;2010-02-28;Domingo;12:00:00;SP;116;183.5;SANTA ISABEL;Não guardar distância de segurança;Colisão traseira;Sem Vítimas;Pleno dia;Decrescente;Chuva;Dupla;Reta;Rural;2;2
668996;2010-03-03;Quarta;02:30:00;SP;116;228.0;SAO PAULO;Outras;Atropelamento de pessoa;Com Vítimas Fatais;Plena noite;Crescente;Nublado;Múltipla;Reta;Urbano;2;1
669027;2010-03-06;Sábado;09:50:00;SP;116;169.0;JACAREI;Outras;Colisão lateral;Sem Vítimas;Plena noite;Crescente;Chuva;Dupla;Reta;Urbano;2;2
669043;2010-03-06;Sábado;16:20:00;SP;116;147.1;SAO JOSE DOS CAMPOS;Outras;Capotamento;Sem Vítimas;Pleno dia;Decrescente;Nublado;Dupla;Reta;Urbano;2;2
669075;2010-03-05;Sexta;12:40:00;SP;116;219.0;GUARULHOS;Não guardar distância de segurança;Colisão traseira;Sem Vítimas;Pleno dia;Crescente;Nublado;Múltipla;Reta;Urbano;3;3
669233;2010-03-08;Segunda;06:51:00;SP;116;205.6;ARUJA;Falta de atenção;Colisão traseira;Com Vítimas Feridas;Pleno dia;Crescente;Ceu Claro;Múltipla;Reta;Urbano;2;2
669299;2010-03-09;Terça;06:10:00;SP;116;199.0;ARUJA;Outras;Saída de Pista;Sem Vítimas;Pleno dia;Decrescente;Ceu Claro;Dupla;Reta;Urbano;2;2
669379;2010-03-06;Sábado;19:30:00;SP;116;220.0;GUARULHOS;Falta de atenção;Colisão lateral;Sem Vítimas;Plena noite;Decrescente;Ceu Claro;Múltipla;Reta;Urbano;2;2
669402;2010-03-08;Segunda;05:20:00;SP;116;227.0;GUARULHOS;Falta de atenção;Colisão traseira;Com Vítimas Feridas;Amanhecer;Decrescente;Ceu Claro;Múltipla;Reta;Urbano;2;2
669429;2010-03-05;Sexta;01:15:00;SP;116;225.0;GUARULHOS;Ingestão de álcool;Colisão com objeto fixo;Com Vítimas Feridas;Plena noite;Crescente;Ceu Claro;Múltipla;Reta;Rural;2;2
669460;2010-03-03;Quarta;16:30:00;SP;116;196.2;ARUJA;Falta de atenção;Colisão traseira;Com Vítimas Feridas;Pleno dia;Crescente;Chuva;Múltipla;Reta;Rural;3;2
669469;2010-03-09;Terça;10:00:00;SP;116;223.3;GUARULHOS;Outras;Colisão lateral;Com Vítimas Feridas;Pleno dia;Decrescente;Sol;Múltipla;Reta;Urbano;2;2
669483;2010-03-06;Sábado;06:50:00;SP;116;113.8;TAUBATE;Outras;Queda de motocicleta / bicicleta / veículo;Com Vítimas Feridas;Amanhecer;Crescente;Ceu Claro;Dupla;Reta;Urbano;1;1
669495;2010-03-08;Segunda;10:55:00;SP;116;224.0;GUARULHOS;Falta de atenção;Colisão traseira;Com Vítimas Feridas;Pleno dia;Crescente;Sol;Múltipla;Reta;Rural;3;3
669521;2010-03-09;Terça;12:30:00;SP;116;147.0;SAO JOSE DOS CAMPOS;Outras;Colisão traseira;Sem Vítimas;Pleno dia;Decrescente;Sol;Simples;Reta;Urbano;2;2
669613;2010-03-08;Segunda;23:21:00;SP;116;204.0;ARUJA;Outras;Colisão com objeto fixo;Sem Vítimas;Plena noite;Crescente;Ceu Claro;Dupla;Reta;Urbano;1;1
669649;2010-03-09;Terça;07:00:00;SP;116;219.0;GUARULHOS;Outras;Colisão lateral;Sem Vítimas;Pleno dia;Crescente;Sol;Múltipla;Reta;Urbano;2;2
669682;2010-03-09;Terça;06:10:00;SP;116;221.8;GUARULHOS;Não guardar distância de segurança;Colisão lateral;Sem Vítimas;Pleno dia;Crescente;Nublado;Múltipla;Reta;Urbano;2;2
669711;2010-02-25;Quinta;20:00:00;SP;116;169.0;JACAREI;Outras;Colisão com objeto fixo;Sem Vítimas;Plena noite;Crescente;Ceu Claro;Dupla;Curva;Urbano;1;1
669719;2010-03-05;Sexta;17:30:00;SP;116;220.0;GUARULHOS;Outras;Colisão lateral;Com Vítimas Feridas;Pleno dia;Decrescente;Ceu Claro;Múltipla;Reta;Urbano;2;2
669721;2010-03-09;Terça;07:10:00;SP;116;222.8;GUARULHOS;Não guardar distância de segurança;Colisão lateral;Com Vítimas Feridas;Pleno dia;Decrescente;Sol;Múltipla;Reta;Rural;4;3
669780;2010-03-07;Domingo;20:20:00;SP;116;217.5;GUARULHOS;Outras;Colisão traseira;Sem Vítimas;Plena noite;Crescente;Ceu Claro;Múltipla;Reta;Rural;2;2
669820;2010-03-07;Domingo;01:00:00;SP;116;121.0;CACAPAVA;Outras;Colisão traseira;Com Vítimas Feridas;Plena noite;Decrescente;Ceu Claro;Dupla;Reta;Rural;4;2
669845;2010-03-07;Domingo;17:45:00;SP;116;165.0;JACAREI;Falta de atenção;Colisão lateral;Sem Vítimas;Pleno dia;Crescente;Sol;Múltipla;Reta;Urbano;2;2
669878;2010-03-07;Domingo;20:40:00;SP;116;148.0;SAO JOSE DOS CAMPOS;Falta de atenção;Colisão lateral;Sem Vítimas;Plena noite;Crescente;Ceu Claro;Dupla;Reta;Urbano;2;2
670003;2010-03-08;Segunda;18:50:00;SP;116;157.8;SAO JOSE DOS CAMPOS;Falta de atenção;Colisão traseira;Sem Vítimas;Plena noite;Decrescente;Nublado;Dupla;Reta;Urbano;3;3
670021;2010-03-06;Sábado;13:25:00;SP;116;123.5;CACAPAVA;Dormindo;Capotamento;Sem Vítimas;Pleno dia;Decrescente;Nublado;Dupla;Reta;Rural;1;1
670043;2010-03-08;Segunda;11:40:00;SP;116;229.0;SAO PAULO;Falta de atenção;Colisão lateral;Sem Vítimas;Pleno dia;Crescente;Ceu Claro;Múltipla;Reta;Urbano;2;2
670044;2010-03-09;Terça;07:30:00;SP;116;157.0;SAO JOSE DOS CAMPOS;Não guardar distância de segurança;Colisão traseira;Sem Vítimas;Pleno dia;Decrescente;Sol;Dupla;Reta;Urbano;3;3
670076;2010-03-08;Segunda;07:50:00;SP;116;228.0;SAO PAULO;Falta de atenção;Colisão lateral;Sem Vítimas;Pleno dia;Crescente;Ceu Claro;Múltipla;Reta;Urbano;2;2
670087;2010-03-08;Segunda;14:10:00;SP;116;218.7;GUARULHOS;Falta de atenção;Colisão traseira;Sem Vítimas;Pleno dia;Crescente;Ceu Claro;Múltipla;Reta;Urbano;3;3
670176;2010-03-10;Quarta;19:00:00;SP;116;218.0;GUARULHOS;Não guardar distância de segurança;Colisão traseira;Sem Vítimas;Plena noite;Decrescente;Ceu Claro;Múltipla;Reta;Urbano;2;2
670197;2010-03-06;Sábado;14:30:00;SP;116;215.0;GUARULHOS;Outras;Colisão traseira;Sem Vítimas;Pleno dia;Decrescente;Chuva;Múltipla;Reta;Urbano;3;3
670430;2010-03-09;Terça;07:15:00;SP;116;222.9;GUARULHOS;Não guardar distância de segurança;Colisão lateral;Com Vítimas Feridas;Pleno dia;Decrescente;Ceu Claro;Múltipla;Reta;Urbano;2;2
670439;2010-03-08;Segunda;16:00:00;SP;116;219.0;GUARULHOS;Defeito mecânico em veículo;Colisão traseira;Sem Vítimas;Pleno dia;Crescente;Ceu Claro;Múltipla;Reta;Urbano;2;2
670446;2010-03-08;Segunda;11:40:00;SP;116;229.0;SAO PAULO;Desobediência à sinalização;Colisão lateral;Sem Vítimas;Pleno dia;Crescente;Ceu Claro;Múltipla;Reta;Urbano;2;2
670462;2010-03-09;Terça;19:20:00;SP;116;170.0;JACAREI;Ultrapassagem indevida;Colisão com bicicleta;Com Vítimas Feridas;Plena noite;Decrescente;Nublado;Dupla;Reta;Rural;2;2
670477;2010-03-07;Domingo;19:50:00;SP;116;158.5;JACAREI;Falta de atenção;Saída de Pista;Com Vítimas Feridas;Plena noite;Crescente;Ceu Claro;Múltipla;Reta;Urbano;14;3
670523;2010-03-08;Segunda;19:10:00;SP;116;155.5;SAO JOSE DOS CAMPOS;Falta de atenção;Colisão traseira;Sem Vítimas;Plena noite;Crescente;Ceu Claro;Dupla;Reta;Urbano;4;4
670583;2010-03-07;Domingo;14:30:00;SP;116;227.0;GUARULHOS;Outras;Colisão traseira;Com Vítimas Feridas;Pleno dia;Crescente;Ceu Claro;Múltipla;Reta;Urbano;3;2
670626;2010-03-11;Quinta;17:00:00;SP;116;100.6;PINDAMONHANGABA;Não guardar distância de segurança;Colisão traseira;Com Vítimas Feridas;Pleno dia;Decrescente;Ceu Claro;Dupla;Reta;Urbano;3;2
670643;2010-03-13;Sábado;15:30:00;SP;116;174.0;JACAREI;Outras;Colisão com objeto móvel;Sem Vítimas;Pleno dia;Crescente;Ceu Claro;Dupla;Reta;Rural;2;2
670743;2010-03-10;Quarta;06:00:00;SP;116;219.0;GUARULHOS;Defeito mecânico em veículo;Colisão lateral;Sem Vítimas;Pleno dia;Crescente;Ceu Claro;Múltipla;Reta;Urbano;2;2
670752;2010-03-09;Terça;09:30:00;SP;116;146.0;SAO JOSE DOS CAMPOS;Outras;Colisão traseira;Sem Vítimas;Amanhecer;Decrescente;Ceu Claro;Múltipla;Reta;Rural;2;2
670762;2010-03-09;Terça;21:25:00;SP;116;99.3;PINDAMONHANGABA;Outras;Colisão traseira;Sem Vítimas;Plena noite;Decrescente;Ceu Claro;Dupla;Reta;Rural;2;2
670815;2010-03-07;Domingo;19:52:00;SP;116;108.7;TAUBATE;Outras;Capotamento;Com Vítimas Feridas;Plena noite;Crescente;Ceu Claro;Dupla;Reta;Urbano;2;2
670936;2010-03-13;Sábado;17:05:00;SP;116;217.0;GUARULHOS;Falta de atenção;Colisão traseira;Sem Vítimas;Pleno dia;Decrescente;Sol;Múltipla;Reta;Urbano;3;3
671011;2010-03-07;Domingo;12:15:00;SP;116;211.0;GUARULHOS;Outras;Colisão traseira;Sem Vítimas;Pleno dia;Crescente;Ceu Claro;Múltipla;Reta;Urbano;4;4
671037;2010-03-07;Domingo;18:40:00;SP;116;203.0;ARUJA;Falta de atenção;Colisão traseira;Sem Vítimas;Anoitecer;Crescente;Ceu Claro;Múltipla;Reta;Rural;3;3
671039;2010-03-10;Quarta;10:00:00;SP;116;157.8;JACAREI;Outras;Colisão com objeto móvel;Sem Vítimas;Pleno dia;Crescente;Ceu Claro;Dupla;Reta;Urbano;1;1
671077;2010-03-10;Quarta;18:27:00;SP;116;99.4;PINDAMONHANGABA;Outras;Colisão traseira;Sem Vítimas;Plena noite;Crescente;Ignorada;Dupla;Reta;Rural;2;2
671101;2010-03-14;Domingo;09:40:00;SP;116;108.0;TAUBATE;Outras;Colisão traseira;Sem Vítimas;Pleno dia;Crescente;Sol;Dupla;Reta;Urbano;2;2
671143;2010-03-14;Domingo;14:15:00;SP;116;122.9;CACAPAVA;Outras;Saída de Pista;Com Vítimas Feridas;Pleno dia;Crescente;Chuva;Dupla;Reta;Rural;2;1
671168;2010-03-10;Quarta;15:50:00;SP;116;100.5;PINDAMONHANGABA;Outras;Colisão traseira;Com Vítimas Feridas;Pleno dia;Crescente;Sol;Dupla;Reta;Rural;5;4
671173;2010-03-11;Quinta;11:00:00;SP;116;199.0;ARUJA;Falta de atenção;Colisão traseira;Sem Vítimas;Pleno dia;Crescente;Ceu Claro;Múltipla;Reta;Rural;2;2
671181;2010-03-10;Quarta;12:20:00;SP;116;182.8;SANTA ISABEL;Outras;Atropelamento de pessoa;Com Vítimas Feridas;Pleno dia;Decrescente;Sol;Simples;Reta;Rural;2;1
671224;2010-03-06;Sábado;16:40:00;SP;116;210.0;GUARULHOS;Falta de atenção;Colisão lateral;Sem Vítimas;Pleno dia;Crescente;Ceu Claro;Dupla;Reta;Urbano;2;2
671241;2010-02-26;Sexta;23:45:00;SP;116;223.0;GUARULHOS;Outras;Colisão traseira;Sem Vítimas;Plena noite;Decrescente;Ceu Claro;Múltipla;Reta;Urbano;3;3
671251;2010-03-06;Sábado;16:40:00;SP;116;198.0;ARUJA;Falta de atenção;Colisão traseira;Sem Vítimas;Pleno dia;Decrescente;Ceu Claro;Dupla;Reta;Urbano;2;2
671298;2010-03-13;Sábado;22:00:00;SP;116;211.0;GUARULHOS;Não guardar distância de segurança;Colisão lateral;Sem Vítimas;Plena noite;Crescente;Nublado;Múltipla;Reta;Urbano;2;2
671346;2010-03-14;Domingo;08:45:00;SP;116;130.4;CACAPAVA;Outras;Colisão com objeto fixo;Sem Vítimas;Plena noite;Crescente;Sol;Dupla;Reta;Urbano;1;1
671498;2010-03-13;Sábado;17:30:00;SP;116;217.0;GUARULHOS;Não guardar distância de segurança;Colisão traseira;Sem Vítimas;Pleno dia;Decrescente;Ceu Claro;Múltipla;Reta;Urbano;3;3
671550;2010-03-06;Sábado;09:30:00;SP;116;168.6;JACAREI;Velocidade incompatível;Colisão com objeto fixo;Sem Vítimas;Pleno dia;Decrescente;Chuva;Dupla;Reta;Rural;1;1