id;data_inversa;dia_semana;horario;uf;br;km;municipio;causa_acidente;tipo_acidente;classificacao_acidente;fase_dia;sentido_via;condicao_metereologica;tipo_pista;tracado_via;uso_solo;pessoas;veiculos
671569;2010-03-12;Sexta;06:40:00;SP;116;150.0;SAO JOSE DOS CAMPOS;Outras;Colisão traseira;Com Vítimas Feridas;Amanhecer;Crescente;Ceu Claro;Dupla;Reta;Urbano;2;2
671675;2010-03-12;Sexta;08:20:00;SP;116;143.1;SAO JOSE DOS CAMPOS;Falta de atenção;Colisão lateral;Sem Vítimas;Amanhecer;Decrescente;Ceu Claro;Dupla;Reta;Rural;2;2
671686;2010-03-12;Sexta;04:30:00;SP;116;143.0;SAO JOSE DOS CAMPOS;Outras;Tombamento;Com Vítimas Feridas;Plena noite;Decrescente;Ceu Claro;Dupla;Reta;Urbano;2;2
671722;2010-03-10;Quarta;18:30:00;SP;116;228.0;GUARULHOS;Não guardar distância de segurança;Colisão frontal;Com Vítimas Feridas;Anoitecer;Decrescente;Nublado;Múltipla;Reta;Urbano;2;2
671746;2010-03-15;Segunda;08:02:00;SP;116;100.9;PINDAMONHANGABA;Não guardar distância de segurança;Colisão traseira;Sem Vítimas;Pleno dia;Crescente;Chuva;Dupla;Reta;Urbano;3;3
671767;2010-03-13;Sábado;08:20:00;SP;116;179.0;GUARAREMA;Outras;Atropelamento de pessoa;Com Vítimas Feridas;Pleno dia;Crescente;Ceu Claro;Simples;Reta;Rural;2;1
671813;2010-03-13;Sábado;10:15:00;SP;116;189.3;SANTA ISABEL;Outras;Saída de Pista;Com Vítimas Feridas;Pleno dia;Decrescente;Ceu Claro;Simples;Reta;Rural;1;1
671819;2010-03-09;Terça;19:15:00;SP;116;221.0;GUARULHOS;Não guardar distância de segurança;Colisão lateral;Sem Vítimas;Pleno dia;Decrescente;Nublado;Simples;Reta;Urbano;2;2
672000;2010-03-10;Quarta;13:15:00;SP;116;224.0;GUARULHOS;Falta de atenção;Colisão lateral;Sem Vítimas;Pleno dia;Crescente;Ceu Claro;Múltipla;Reta;Urbano;2;2
672070;2010-03-15;Segunda;20:30:00;SP;116;225.0;GUARULHOS;Defeito mecânico em veículo;Atropelamento de pessoa;Com Vítimas Feridas;Plena noite;Decrescente;Nublado;Múltipla;Reta;Urbano;2;1
672094;2010-03-13;Sábado;14:01:00;SP;116;161.5;JACAREI;Falta de atenção;Colisão com objeto fixo;Com Vítimas Feridas;Pleno dia;Decrescente;Ceu Claro;Simples;Reta;Rural;1;1
672111;2010-03-13;Sábado;19:45:00;SP;116;168.0;JACAREI;Defeito mecânico em veículo;Colisão traseira;Sem Vítimas;Anoitecer;Decrescente;Ceu Claro;Múltipla;Reta;Rural;2;2
672156;2010-03-13;Sábado;21:50:00;SP;116;147.0;SAO JOSE DOS CAMPOS;Falta de atenção;Colisão com objeto fixo;Sem Vítimas;Anoitecer;Decrescente;Ceu Claro;Dupla;Reta;Rural;1;1
672278;2010-03-08;Segunda;23:00:00;SP;116;148.8;SAO JOSE DOS CAMPOS;Outras;Colisão traseira;Com Vítimas Feridas;Plena noite;Crescente;Nublado;Dupla;Reta;Urbano;4;2
672337;2010-03-12;Sexta;07:50:00;SP;116;142.3;SAO JOSE DOS CAMPOS;Falta de atenção;Colisão traseira;Sem Vítimas;Pleno dia;Crescente;Ceu Claro;Dupla;Reta;Urbano;3;3
672390;2010-03-13;Sábado;00:30:00;SP;116;133.0;CACAPAVA;Não guardar distância de segurança;Colisão traseira;Com Vítimas Feridas;Plena noite;Crescente;Ceu Claro;Dupla;Reta;Urbano;7;4
672393;2010-03-10;Quarta;09:20:00;SP;116;101.5;PINDAMONHANGABA;Outras;Colisão traseira;Sem Vítimas;Pleno dia;Crescente;Sol;Dupla;Reta;Rural;2;2
672413;2010-03-16;Terça;11:40:00;SP;116;118.0;TAUBATE;Outras;Colisão traseira;Sem Vítimas;Pleno dia;Crescente;Ceu Claro;Dupla;Reta;Urbano;2;2
672433;2010-03-07;Domingo;22:10:00;SP;116;207.5;GUARULHOS;Falta de atenção;Colisão traseira;Sem Vítimas;Plena noite;Decrescente;Nublado;Dupla;Reta;Urbano;3;2
672509;2010-03-12;Sexta;15:00:00;SP;116;107.4;TAUBATE;Outras;Colisão com objeto fixo;Sem Vítimas;Pleno dia;Decrescente;Sol;Dupla;Reta;Urbano;2;2
672516;2010-03-07;Domingo;19:00:00;SP;116;203.0;ARUJA;Falta de atenção;Colisão traseira;Sem Vítimas;Pleno dia;Crescente;Nublado;Dupla;Reta;Rural;2;2
672602;2010-03-15;Segunda;07:45:00;SP;116;157.0;SAO JOSE DOS CAMPOS;Falta de atenção;Colisão lateral;Sem Vítimas;Pleno dia;Decrescente;Chuva;Dupla;Reta;Rural;2;2
672708;2010-03-16;Terça;12:50:00;SP;116;220.0;GUARULHOS;Falta de atenção;Colisão lateral;Com Vítimas Feridas;Pleno dia;Crescente;Sol;Múltipla;Cruzamento;Urbano;2;2
672739;2010-03-16;Terça;11:15:00;SP;116;198.1;ARUJA;Ingestão de álcool;Colisão traseira;Sem Vítimas;Pleno dia;Crescente;Sol;Múltipla;Reta;Urbano;2;2
672761;2010-03-11;Quinta;18:50:00;SP;116;210.9;GUARULHOS;Outras;Colisão lateral;Sem Vítimas;Plena noite;Crescente;Nublado;Múltipla;Reta;Urbano;2;2
672780;2010-03-11;Quinta;05:45:00;SP;116;225.0;GUARULHOS;Não guardar distância de segurança;Colisão traseira;Sem Vítimas;Amanhecer;Crescente;Ceu Claro;Múltipla;Reta;Urbano;2;2
672812;2010-03-09;Terça;07:30:00;SP;116;156.0;SAO JOSE DOS CAMPOS;Não guardar distância de segurança;Colisão traseira;Sem Vítimas;Pleno dia;Decrescente;Sol;Dupla;Reta;Urbano;2;2
672817;2010-03-09;Terça;08:00:00;SP;116;153.0;SAO JOSE DOS CAMPOS;Falta de atenção;Colisão Transversal;Com Vítimas Feridas;Pleno dia;Decrescente;Nublado;Dupla;Reta;Urbano;3;2
672925;2010-03-07;Domingo;10:40:00;SP;116;204.0;ARUJA;Defeito na via;Colisão lateral;Com Vítimas Feridas;Pleno dia;Crescente;Ceu Claro;Dupla;Reta;Rural;3;2
672932;2010-03-02;Terça;16:00:00;SP;116;222.8;GUARULHOS;Outras;Colisão lateral;Com Vítimas Feridas;Pleno dia;Decrescente;Ceu Claro;Múltipla;Reta;Urbano;2;2
672981;2010-03-14;Domingo;01:40:00;SP;116;107.3;TAUBATE;Outras;Atropelamento de pessoa;Com Vítimas Feridas;Plena noite;Decrescente;Ceu Claro;Dupla;Reta;Rural;3;1
673017;2010-03-12;Sexta;03:00:00;SP;116;200.0;ARUJA;Falta de atenção;Colisão traseira;Sem Vítimas;Plena noite;Crescente;Nublado;Dupla;Reta;Rural;2;2
673086;2010-02-24;Quarta;15:45:00;SP;116;191.0;SANTA ISABEL;Outras;Colisão com objeto fixo;Sem Vítimas;Pleno dia;Crescente;Chuva;Dupla;Curva;Rural;1;1
673089;2010-03-14;Domingo;06:20:00;SP;116;140.2;GUARULHOS;Outras;Colisão com objeto fixo;Com Vítimas Feridas;Amanhecer;Crescente;Ceu Claro;Múltipla;Reta;Urbano;2;1
673111;2010-03-17;Quarta;10:20:00;SP;116;108.0;TAUBATE;Defeito mecânico em veículo;Colisão com objeto fixo;Sem Vítimas;Pleno dia;Crescente;Nublado;Dupla;Reta;Rural;1;1
673142;2010-03-09;Terça;08:00:00;SP;116;144.4;SAO JOSE DOS CAMPOS;Outras;Colisão traseira;Sem Vítimas;Pleno dia;Crescente;Nublado;Dupla;Reta;Urbano;2;2
673169;2010-03-17;Quarta;10:20:00;SP;116;101.0;TAUBATE;Falta de atenção;Colisão traseira;Sem Vítimas;Pleno dia;Crescente;Nublado;Dupla;Reta;Rural;2;2
673183;2010-03-15;Segunda;17:30:00;SP;116;229.0;SAO PAULO;Falta de atenção;Colisão lateral;Sem Vítimas;Pleno dia;Crescente;Sol;Múltipla;Reta;Urbano;2;2
673312;2010-03-15;Segunda;17:55:00;SP;116;204.0;ARUJA;Falta de atenção;Colisão lateral;Sem Vítimas;Plena noite;Crescente;Nublado;Dupla;Reta;Urbano;2;2
673340;2010-03-15;Segunda;08:15:00;SP;116;150.0;SAO JOSE DOS CAMPOS;Não guardar distância de segurança;Colisão traseira;Sem Vítimas;Pleno dia;Decrescente;Chuva;Dupla;Reta;Urbano;2;2
673413;2010-03-16;Terça;23:10:00;SP;116;227.0;GUARULHOS;Outras;Colisão traseira;Sem Vítimas;Plena noite;Decrescente;Ceu Claro;Múltipla;Reta;Urbano;3;3
673441;2010-03-17;Quarta;19:02:00;SP;116;149.0;SAO JOSE DOS CAMPOS;Outras;Atropelamento de pessoa;Com Vítimas Feridas;Plena noite;Decrescente;Nublado;Simples;Reta;Urbano;2;1
673450;2010-03-17;Quarta;21:45:00;SP;116;198.5;ARUJA;Outras;Colisão com objeto fixo;Sem Vítimas;Plena noite;Crescente;Nublado;Simples;Reta;Urbano;1;1
673496;2010-03-17;Quarta;10:15:00;SP;116;112.5;TAUBATE;Falta de atenção;Colisão lateral;Sem Vítimas;Pleno dia;Crescente;Nublado;Dupla;Reta;Urbano;2;2
673620;2010-03-15;Segunda;18:55:00;SP;116;218.0;GUARULHOS;Outras;Colisão traseira;Sem Vítimas;Anoitecer;Crescente;Ceu Claro;Múltipla;Reta;Urbano;2;2
673681;2010-03-18;Quinta;10:20:00;SP;116;116.4;TAUBATE;Outras;Capotamento;Com Vítimas Feridas;Pleno dia;Crescente;Ceu Claro;Dupla;Reta;Urbano;1;1
673687;2010-03-12;Sexta;02:40:00;SP;116;200.0;ARUJA;Falta de atenção;Colisão traseira;Com Vítimas Feridas;Plena noite;Crescente;Ceu Claro;Múltipla;Reta;Rural;2;2
673725;2010-03-17;Quarta;07:30:00;SP;116;151.0;SAO JOSE DOS CAMPOS;Falta de atenção;Colisão traseira;Sem Vítimas;Pleno dia;Decrescente;Sol;Dupla;Reta;Urbano;3;3
673738;2010-03-15;Segunda;07:15:00;SP;116;102.7;PINDAMONHANGABA;Outras;Queda de motocicleta / bicicleta / veículo;Com Vítimas Feridas;Pleno dia;Crescente;Chuva;Dupla;Reta;Rural;1;1
673763;2010-03-16;Terça;19:50:00;SP;116;204.0;ARUJA;Falta de atenção;Colisão com objeto fixo;Sem Vítimas;Plena noite;Decrescente;Ceu Claro;Dupla;Cruzamento;Urbano;1;1
673766;2010-03-08;Segunda;18:35:00;SP;116;148.1;SAO JOSE DOS CAMPOS;Não guardar distância de segurança;Colisão traseira;Sem Vítimas;Pleno dia;Decrescente;Ceu Claro;Dupla;Reta;Urbano;2;2
673788;2010-01-10;Domingo;11:00:00;SP;116;169.0;JACAREI;Não guardar distância de segurança;Colisão traseira;Sem Vítimas;Pleno dia;Crescente;Ceu Claro;Dupla;Reta;Rural;3;3
673805;2010-03-11;Quinta;12:30:00;SP;116;222.0;GUARULHOS;Outras;Colisão com objeto móvel;Sem Vítimas;Pleno dia;Decrescente;Nublado;Múltipla;Reta;Urbano;1;1
673862;2010-03-14;Domingo;14:20:00;SP;116;101.0;PINDAMONHANGABA;Outras;Colisão traseira;Sem Vítimas;Pleno dia;Crescente;Sol;Dupla;Reta;Rural;2;2
673878;2010-03-17;Quarta;08:10:00;SP;116;228.0;SAO PAULO;Não guardar distância de segurança;Colisão lateral;Com Vítimas Feridas;Pleno dia;Crescente;Ceu Claro;Múltipla;Reta;Urbano;2;2
673893;2010-03-15;Segunda;08:03:00;SP;116;150.0;SAO JOSE DOS CAMPOS;Não guardar distância de segurança;Colisão traseira;Sem Vítimas;Amanhecer;Decrescente;Chuva;Dupla;Reta;Rural;2;2
673970;2010-03-15;Segunda;07:10:00;SP;116;146.0;SAO JOSE DOS CAMPOS;Não guardar distância de segurança;Colisão traseira;Sem Vítimas;Pleno dia;Crescente;Chuva;Dupla;Reta;Urbano;2;2
673995;2010-03-18;Quinta;14:20:00;SP;116;219.0;GUARULHOS;Defeito mecânico em veículo;Colisão traseira;Sem Vítimas;Pleno dia;Crescente;Sol;Múltipla;Reta;Urbano;7;7
674024;2010-03-15;Segunda;06:45:00;SP;116;221.0;GUARULHOS;Outras;Colisão traseira;Sem Vítimas;Amanhecer;Decrescente;Chuva;Múltipla;Reta;Urbano;2;2
674095;2010-03-10;Quarta;11:20:00;SP;116;216.0;GUARULHOS;Falta de atenção;Colisão lateral;Sem Vítimas;Pleno dia;Crescente;Ceu Claro;Dupla;Reta;Urbano;2;2
674109;2010-03-06;Sábado;20:00:00;SP;116;216.0;GUARULHOS;Outras;Atropelamento de pessoa;Com Vítimas Fatais;Plena noite;Crescente;Ceu Claro;Dupla;Reta;Urbano;3;2
674135;2010-03-14;Domingo;11:30:00;SP;116;223.0;GUARULHOS;Outras;Colisão lateral;Com Vítimas Feridas;Pleno dia;Crescente;Ceu Claro;Múltipla;Reta;Urbano;2;2
674165;2010-01-12;Terça;09:40:00;SP;116;197.0;ARUJA;Não guardar distância de segurança;Capotamento;Sem Vítimas;Pleno dia;Decrescente;Ceu Claro;Dupla;Curva;Rural;4;4
674170;2010-03-16;Terça;07:30:00;SP;116;217.5;GUARULHOS;Falta de atenção;Colisão traseira;Com Vítimas Feridas;Pleno dia;Decrescente;Ceu Claro;Múltipla;Reta;Urbano;3;2
674183;2010-03-16;Terça;23:00:00;SP;116;222.0;GUARULHOS;Falta de atenção;Colisão traseira;Sem Vítimas;Plena noite;Decrescente;Ceu Claro;Múltipla;Reta;Urbano;2;2
674240;2010-03-19;Sexta;09:30:00;SP;116;100.4;PINDAMONHANGABA;Não guardar distância de segurança;Colisão traseira;Com Vítimas Feridas;Pleno dia;Crescente;Ceu Claro;Dupla;Reta;Urbano;5;4
674279;2010-03-17;Quarta;06:30:00;SP;116;218.0;GUARULHOS;Falta de atenção;Colisão lateral;Com Vítimas Feridas;Pleno dia;Crescente;Ceu Claro;Múltipla;Reta;Urbano;2;2
674283;2010-03-19;Sexta;08:34:00;SP;116;101.1;PINDAMONHANGABA;Defeito mecânico em veículo;Colisão traseira;Sem Vítimas;Pleno dia;Crescente;Ceu Claro;Dupla;Reta;Urbano;2;2
674341;2010-03-17;Quarta;06:50:00;SP;116;220.6;GUARULHOS;Falta de atenção;Colisão lateral;Com Vítimas Feridas;Pleno dia;Crescente;Ceu Claro;Múltipla;Reta;Urbano;2;2
674362;2010-03-16;Terça;06:45:00;SP;116;202.0;ARUJA;Falta de atenção;Colisão lateral;Sem Vítimas;Pleno dia;Decrescente;Ceu Claro;Múltipla;Reta;Rural;2;2
674426;2010-03-19;Sexta;15:00:00;SP;116;113.6;TAUBATE;Outras;Colisão lateral;Sem Vítimas;Pleno dia;Decrescente;Sol;Dupla;Reta;Rural;2;2
674464;2010-03-15;Segunda;15:35:00;SP;116;157.0;SAO JOSE DOS CAMPOS;Outras;Colisão traseira;Sem Vítimas;Pleno dia;Crescente;Ceu Claro;Simples;Reta;Rural;2;2
674471;2010-03-19;Sexta;21:00:00;SP;116;197.0;ARUJA;Outras;Colisão lateral;Sem Vítimas;Plena noite;Crescente;Nublado;Múltipla;Reta;Rural;2;2
674490;2010-03-19;Sexta;19:40:00;SP;116;160.0;JACAREI;Falta de atenção;Colisão traseira;Sem Vítimas;Plena noite;Crescente;Chuva;Simples;Reta;Rural;2;2
674518;2010-03-19;Sexta;13:05:00;SP;116;180.8;GUARAREMA;Falta de atenção;Colisão traseira;Com Vítimas Feridas;Pleno dia;Crescente;Ceu Claro;Múltipla;Reta;Rural;6;2
674586;2010-03-16;Terça;07:30:00;SP;116;144.0;SAO JOSE DOS CAMPOS;Outras;Colisão traseira;Sem Vítimas;Plena noite;Crescente;Ceu Claro;Dupla;Reta;Urbano;3;3
674630;2010-03-19;Sexta;16:15:00;SP;116;145.9;SAO JOSE DOS CAMPOS;Falta de atenção;Colisão traseira;Sem Vítimas;Pleno dia;Crescente;Chuva;Dupla;Reta;Urbano;3;3
674789;2010-03-19;Sexta;19:50:00;SP;116;221.0;GUARULHOS;Outras;Colisão lateral;Sem Vítimas;Plena noite;Decrescente;Chuva;Múltipla;Reta;Urbano;2;2
674798;2010-03-20;Sábado;14:30:00;SP;116;142.5;SAO JOSE DOS CAMPOS;Outras;Colisão traseira;Sem Vítimas;Pleno dia;Crescente;Ceu Claro;Dupla;Reta;Urbano;2;2
674802;2010-03-20;Sábado;12:30:00;SP;116;225.0;GUARULHOS;Falta de atenção;Colisão traseira;Com Vítimas Feridas;Pleno dia;Crescente;Sol;Múltipla;Reta;Urbano;2;2
674905;2010-03-20;Sábado;18:50:00;SP;116;211.3;GUARULHOS;Outras;Colisão com objeto fixo;Sem Vítimas;Plena noite;Decrescente;Ceu Claro;Múltipla;Reta;Urbano;1;1
674955;2010-03-18;Quinta;04:45:00;SP;116;158.0;JACAREI;Outras;Colisão com objeto fixo;Sem Vítimas;Plena noite;Crescente;Ceu Claro;Dupla;Reta;Rural;1;1
675000;2010-03-20;Sábado;22:45:00;SP;116;208.9;GUARULHOS;Outras;Colisão lateral;Com Vítimas Feridas;Plena noite;Decrescente;Chuva;Múltipla;Reta;Urbano;3;2
675031;2010-03-08;Segunda;18:30:00;SP;116;148.0;SAO JOSE DOS CAMPOS;Ingestão de álcool;Colisão traseira;Sem Vítimas;Anoitecer;Decrescente;Ceu Claro;Dupla;Curva;Urbano;2;2
675043;2010-03-13;Sábado;06:00:00;SP;116;167.0;JACAREI;Ingestão de álcool;Colisão com bicicleta;Com Vítimas Feridas;Amanhecer;Decrescente;Ceu Claro;Múltipla;Curva;Urbano;2;2
675048;2010-03-16;Terça;20:14:00;SP;116;155.0;SAO JOSE DOS CAMPOS;Não guardar distância de segurança;Colisão traseira;Sem Vítimas;Plena noite;Crescente;Nublado;Dupla;Curva;Urbano;2;2
675051;2010-03-20;Sábado;19:30:00;SP;116;169.3;JACAREI;Defeito na via;Colisão com objeto fixo;Sem Vítimas;Plena noite;Crescente;Nublado;Múltipla;Curva;Rural;1;1
675087;2010-03-20;Sábado;23:30:00;SP;116;143.2;SAO JOSE DOS CAMPOS;Outras;Colisão traseira;Sem Vítimas;Plena noite;Decrescente;Chuva;Dupla;Reta;Urbano;4;4
675124;2010-03-17;Quarta;18:35:00;SP;116;143.0;SAO JOSE DOS CAMPOS;Não guardar distância de segurança;Colisão traseira;Sem Vítimas;Anoitecer;Crescente;Nublado;Dupla;Reta;Rural;3;3
675133;2010-03-16;Terça;11:40:00;SP;116;227.0;GUARULHOS;Outras;Colisão com objeto móvel;Com Vítimas Fatais;Pleno dia;Decrescente;Sol;Múltipla;Reta;Rural;4;4
675140;2010-03-18;Quinta;03:30:00;SP;116;140.3;SAO JOSE DOS CAMPOS;Falta de atenção;Colisão lateral;Sem Vítimas;Plena noite;Decrescente;Ceu Claro;Dupla;Reta;Urbano;2;2
675244;2010-03-21;Domingo;08:00:00;SP;116;107.4;TAUBATE;Falta de atenção;Colisão com objeto fixo;Sem Vítimas;Pleno dia;Decrescente;Chuva;Dupla;Reta;Urbano;1;1
675309;2010-03-21;Domingo;13:27:00;SP;116;101.6;PINDAMONHANGABA;Falta de atenção;Colisão traseira;Sem Vítimas;Pleno dia;Crescente;Chuva;Dupla;Reta;Rural;2;2
675376;2010-03-21;Domingo;18:00:00;SP;116;126.4;CACAPAVA;Falta de atenção;Colisão traseira;Sem Vítimas;Pleno dia;Crescente;Nublado;Dupla;Reta;Rural;2;2
675400;2010-03-21;Domingo;18:45:00;SP;116;214.0;GUARULHOS;Defeito mecânico em veículo;Colisão traseira;Sem Vítimas;Plena noite;Crescente;Nublado;Múltipla;Reta;Urbano;3;3
675450;2010-03-21;Domingo;21:20:00;SP;116;214.0;GUARULHOS;Outras;Colisão lateral;Sem Vítimas;Plena noite;Crescente;Ceu Claro;Múltipla;Reta;Urbano;3;3
675584;2010-03-21;Domingo;19:05:00;SP;116;213.5;GUARULHOS;Não guardar distância de segurança;Colisão lateral;Sem Vítimas;Anoitecer;Decrescente;Nublado;Múltipla;Reta;Urbano;2;2
675585;2010-03-19;Sexta;15:20:00;SP;116;211.5;GUARULHOS;Falta de atenção;Colisão traseira;Sem Vítimas;Pleno dia;Decrescente;Sol;Múltipla;Reta;Urbano;2;2
675594;2010-03-19;Sexta;15:30:00;SP;116;214.2;GUARULHOS;Falta de atenção;Colisão traseira;Sem Vítimas;Pleno dia;Decrescente;Sol;Múltipla;Reta;Urbano;2;2
675609;2010-03-19;Sexta;16:35:00;SP;116;212.0;GUARULHOS;Outras;Tombamento;Com Vítimas Feridas;Pleno dia;Decrescente;Chuva;Múltipla;Reta;Urbano;3;3
675623;2010-03-19;Sexta;19:15:00;SP;116;151.8;SAO JOSE DOS CAMPOS;Falta de atenção;Colisão traseira;Sem Vítimas;Plena noite;Crescente;Nublado;Dupla;Reta;Urbano;2;2
675639;2010-03-12;Sexta;18:02:00;SP;116;179.4;GUARAREMA;Desobediência à sinalização;Colisão com objeto fixo;Sem Vítimas;Pleno dia;Crescente;Nublado;Simples;Reta;Rural;1;1
675659;2010-03-19;Sexta;20:00:00;SP;116;228.0;SAO PAULO;Outras;Colisão lateral;Sem Vítimas;Plena noite;Decrescente;Chuva;Múltipla;Reta;Urbano;2;2
675677;2010-03-15;Segunda;06:50:00;SP;116;177.3;GUARAREMA;Defeito na via;Colisão traseira;Sem Vítimas;Pleno dia;Crescente;Chuva;Dupla;Curva;Urbano;2;2
675785;2010-03-22;Segunda;08:00:00;SP;116;111.1;TAUBATE;Outras;Colisão traseira;Com Vítimas Feridas;Pleno dia;Crescente;Ceu Claro;Dupla;Reta;Urbano;2;2
675854;2010-03-22;Segunda;09:37:00;SP;116;100.9;PINDAMONHANGABA;Outras;Colisão com objeto fixo;Sem Vítimas;Pleno dia;Decrescente;Ceu Claro;Dupla;Reta;Rural;2;2
676040;2010-03-23;Terça;04:05:00;SP;116;217.0;GUARULHOS;Outras;Colisão lateral;Sem Vítimas;Plena noite;Decrescente;Ceu Claro;Múltipla;Reta;Urbano;3;3
676081;2010-03-20;Sábado;22:50:00;SP;116;215.0;GUARULHOS;Não guardar distância de segurança;Colisão traseira;Sem Vítimas;Plena noite;Decrescente;Chuva;Múltipla;Reta;Urbano;3;3
676104;2010-03-19;Sexta;22:30:00;SP;116;143.0;SAO JOSE DOS CAMPOS;Outras;Colisão com objeto fixo;Com Vítimas Feridas;Plena noite;Decrescente;Chuva;Dupla;Reta;Urbano;2;1
676114;2010-03-19;Sexta;06:05:00;SP;116;185.7;SANTA ISABEL;Não guardar distância de segurança;Colisão traseira;Sem Vítimas;Amanhecer;Crescente;Sol;Dupla;Reta;Rural;2;2
676122;2010-03-20;Sábado;00:40:00;SP;116;134.5;SAO JOSE DOS CAMPOS;Outras;Colisão traseira;Com Vítimas Feridas;Plena noite;Decrescente;Nublado;Dupla;Reta;Rural;4;2
676181;2010-03-23;Terça;07:54:00;SP;116;99.1;PINDAMONHANGABA;Não guardar distância de segurança;Colisão traseira;Sem Vítimas;Pleno dia;Crescente;Ceu Claro;Dupla;Reta;Urbano;3;3
676256;2010-03-20;Sábado;00:40:00;SP;116;144.6;SAO JOSE DOS CAMPOS;Defeito mecânico em veículo;Colisão lateral;Sem Vítimas;Plena noite;Decrescente;Ceu Claro;Simples;Reta;Rural;2;2
676275;2010-03-20;Sábado;21:30:00;SP;116;158.0;SAO JOSE DOS CAMPOS;Outras;Colisão com objeto fixo;Sem Vítimas;Plena noite;Crescente;Nublado;Simples;Reta;Urbano;1;1
676297;2010-03-19;Sexta;23:40:00;SP;116;172.0;JACAREI;Defeito mecânico em veículo;Colisão com objeto fixo;Sem Vítimas;Plena noite;Crescente;Ceu Claro;Dupla;Reta;Rural;1;1
676301;2010-03-21;Domingo;04:00:00;SP;116;155.0;SAO JOSE DOS CAMPOS;Ingestão de álcool;Colisão com objeto fixo;Sem Vítimas;Plena noite;Decrescente;Nublado;Simples;Reta;Urbano;1;1
676346;2010-03-22;Segunda;17:00:00;SP;116;225.0;GUARULHOS;Falta de atenção;Colisão lateral;Sem Vítimas;Pleno dia;Crescente;Nublado;Simples;Reta;Urbano;2;2
676353;2010-03-23;Terça;16:06:00;SP;116;107.6;TAUBATE;Outras;Colisão com objeto fixo;Sem Vítimas;Pleno dia;Crescente;Chuva;Dupla;Reta;Urbano;1;1
676362;2010-03-23;Terça;16:45:00;SP;116;154.8;SAO JOSE DOS CAMPOS;Falta de atenção;Colisão traseira;Com Vítimas Feridas;Pleno dia;Crescente;Chuva;Dupla;Reta;Urbano;3;3
676376;2010-03-21;Domingo;08:00:00;SP;116;145.0;SAO JOSE DOS CAMPOS;Outras;Queda de motocicleta / bicicleta / veículo;Com Vítimas Feridas;Pleno dia;Decrescente;Nublado;Dupla;Reta;Urbano;2;1
676403;2010-03-21;Domingo;19:25:00;SP;116;214.0;GUARULHOS;Outras;Colisão traseira;Sem Vítimas;Plena noite;Crescente;Ceu Claro;Múltipla;Reta;Urbano;3;3
676415;2010-03-23;Terça;16:10:00;SP;116;144.0;SAO JOSE DOS CAMPOS;Não guardar distância de segurança;Colisão traseira;Sem Vítimas;Pleno dia;Decrescente;Chuva;Simples;Reta;Rural;2;2
676524;2010-03-23;Terça;14:00:00;SP;116;190.8;SANTA ISABEL;Outras;Colisão com objeto fixo;Sem Vítimas;Pleno dia;Crescente;Chuva;Dupla;Reta;Rural;1;1
676677;2010-03-18;Quinta;19:20:00;SP;116;225.0;GUARULHOS;Outras;Colisão traseira;Sem Vítimas;Plena noite;Decrescente;Ceu Claro;Múltipla;Reta;Urbano;2;2
676695;2010-03-23;Terça;15:35:00;SP;116;155.1;SAO JOSE DOS CAMPOS;Outras;Colisão traseira;Sem Vítimas;Pleno dia;Decrescente;Chuva;Dupla;Reta;Urbano;3;3
676785;2010-03-24;Quarta;07:50:00;SP;116;142.9;SAO JOSE DOS CAMPOS;Outras;Colisão lateral;Com Vítimas Feridas;Pleno dia;Crescente;Sol;Dupla;Reta;Urbano;3;3
676868;2010-03-21;Domingo;06:00:00;SP;116;213.0;GUARULHOS;Falta de atenção;Colisão lateral;Sem Vítimas;Plena noite;Decrescente;Chuva;Múltipla;Reta;Urbano;2;2
676876;2010-03-23;Terça;07:15:00;SP;116;144.0;SAO JOSE DOS CAMPOS;Outras;Colisão lateral;Com Vítimas Feridas;Pleno dia;Crescente;Ceu Claro;Dupla;Reta;Urbano;2;2
676901;2010-03-23;Terça;06:45:00;SP;116;152.8;SAO JOSE DOS CAMPOS;Outras;Colisão traseira;Com Vítimas Feridas;Pleno dia;Crescente;Ceu Claro;Múltipla;Reta;Urbano;2;2
677022;2010-03-24;Quarta;15:10:00;SP;116;204.5;ARUJA;Falta de atenção;Colisão traseira;Com Vítimas Feridas;Pleno dia;Crescente;Ceu Claro;Múltipla;Reta;Urbano;2;2
677026;2010-03-24;Quarta;08:17:00;SP;116;218.0;GUARULHOS;Falta de atenção;Colisão lateral;Sem Vítimas;Pleno dia;Crescente;Ceu Claro;Múltipla;Reta;Urbano;2;2
677171;2010-03-13;Sábado;11:00:00;SP;116;107.5;TAUBATE;Falta de atenção;Colisão com objeto fixo;Ignorado;Pleno dia;Decrescente;Sol;Dupla;Reta;Urbano;1;1
677202;2010-03-21;Domingo;23:30:00;SP;116;217.0;GUARULHOS;Outras;Capotamento;Sem Vítimas;Plena noite;Decrescente;Nublado;Múltipla;Reta;Urbano;1;1