id;data_inversa;dia_semana;horario;uf;br;km;municipio;causa_acidente;tipo_acidente;classificacao_acidente;fase_dia;sentido_via;condicao_metereologica;tipo_pista;tracado_via;uso_solo;pessoas;veiculos
683420;2010-03-02;Terça;15:00:00;SP;116;222.5;GUARULHOS;Outras;Colisão traseira;Com Vítimas Feridas;Pleno dia;Decrescente;Sol;Múltipla;Reta;Urbano;3;2
683451;2010-04-03;Sábado;16:50:00;SP;116;199.0;ARUJA;Ingestão de álcool;Colisão Transversal;Sem Vítimas;Plena noite;Decrescente;Chuva;Dupla;Cruzamento;Urbano;2;2
683477;2010-04-03;Sábado;19:47:00;SP;116;204.0;ARUJA;Outras;Colisão com objeto móvel;Sem Vítimas;Plena noite;Crescente;Chuva;Dupla;Reta;Urbano;1;1
683482;2010-03-20;Sábado;01:55:00;SP;116;189.5;SANTA ISABEL;Outras;Colisão traseira;Sem Vítimas;Plena noite;Crescente;Ceu Claro;Dupla;Reta;Rural;2;2
683501;2010-04-06;Terça;09:45:00;SP;116;100.5;PINDAMONHANGABA;Falta de atenção;Colisão traseira;Sem Vítimas;Pleno dia;Crescente;Chuva;Dupla;Reta;Urbano;2;2
683560;2010-04-04;Domingo;17:00:00;SP;116;157.0;SAO JOSE DOS CAMPOS;Outras;Colisão traseira;Sem Vítimas;Pleno dia;Decrescente;Chuva;Dupla;Reta;Urbano;2;2
683563;2010-04-06;Terça;09:50:00;SP;116;141.4;SAO JOSE DOS CAMPOS;Outras;Colisão traseira;Sem Vítimas;Pleno dia;Crescente;Chuva;Dupla;Reta;Urbano;2;2
683573;2010-02-26;Sexta;23:20:00;SP;116;223.5;GUARULHOS;Outras;Colisão traseira;Com Vítimas Feridas;Plena noite;Decrescente;Ceu Claro;Dupla;Reta;Urbano;3;3
683583;2010-04-06;Terça;12:00:00;SP;116;171.0;GUARAREMA;Falta de atenção;Colisão lateral;Sem Vítimas;Pleno dia;Crescente;Chuva;Dupla;Curva;Rural;2;2
683642;2010-04-03;Sábado;19:30:00;SP;116;207.8;GUARULHOS;Outras;Colisão traseira;Sem Vítimas;Plena noite;Crescente;Chuva;Dupla;Reta;Urbano;2;2
683658;2010-04-01;Quinta;18:10:00;SP;116;160.0;JACAREI;Não guardar distância de segurança;Colisão traseira;Sem Vítimas;Anoitecer;Decrescente;Ceu Claro;Dupla;Reta;Urbano;2;2
683676;2010-04-04;Domingo;16:35:00;SP;116;218.0;GUARULHOS;Velocidade incompatível;Capotamento;Ignorado;Pleno dia;Decrescente;Chuva;Múltipla;Reta;Urbano;1;1
683681;2010-04-06;Terça;14:00:00;SP;116;186.0;SANTA ISABEL;Outras;Danos Eventuais;Sem Vítimas;Pleno dia;Crescente;Chuva;Dupla;Curva;Rural;2;2
683683;2010-04-06;Terça;10:00:00;SP;116;178.8;GUARAREMA;Outras;Colisão lateral;Sem Vítimas;Pleno dia;Decrescente;Chuva;Dupla;Reta;Rural;2;2
683689;2010-04-01;Quinta;18:40:00;SP;116;150.0;SAO JOSE DOS CAMPOS;Não guardar distância de segurança;Colisão traseira;Sem Vítimas;Plena noite;Crescente;Ceu Claro;Dupla;Reta;Urbano;2;2
683724;2010-04-01;Quinta;19:20:00;SP;116;160.0;JACAREI;Não guardar distância de segurança;Colisão traseira;Sem Vítimas;Plena noite;Decrescente;Ceu Claro;Dupla;Reta;Urbano;4;4
683745;2010-04-01;Quinta;19:00:00;SP;116;158.0;JACAREI;Não guardar distância de segurança;Colisão traseira;Sem Vítimas;Plena noite;Decrescente;Nublado;Dupla;Reta;Urbano;2;2
683832;2010-04-05;Segunda;18:15:00;SP;116;145.7;SAO JOSE DOS CAMPOS;Não guardar distância de segurança;Colisão traseira;Com Vítimas Feridas;Plena noite;Decrescente;Nublado;Dupla;Reta;Urbano;2;2
683865;2010-03-10;Quarta;07:15:00;SP;116;215.8;GUARULHOS;Falta de atenção;Colisão traseira;Com Vítimas Feridas;Pleno dia;Crescente;Ceu Claro;Múltipla;Reta;Urbano;2;2
683898;2010-04-06;Terça;20:40:00;SP;116;145.5;SAO JOSE DOS CAMPOS;Falta de atenção;Colisão traseira;Sem Vítimas;Plena noite;Decrescente;Nublado;Dupla;Reta;Urbano;4;4
684035;2010-04-04;Domingo;19:00:00;SP;116;111.0;TAUBATE;Outras;Colisão traseira;Sem Vítimas;Plena noite;Crescente;Nublado;Dupla;Reta;Urbano;2;2
684036;2010-03-26;Sexta;17:15:00;SP;116;209.0;GUARULHOS;Outras;Colisão lateral;Sem Vítimas;Plena noite;Decrescente;Chuva;Dupla;Reta;Urbano;2;2
684134;2010-04-07;Quarta;10:16:00;SP;116;204.0;ARUJA;Falta de atenção;Colisão traseira;Sem Vítimas;Pleno dia;Crescente;Chuva;Dupla;Reta;Urbano;2;2
684144;2010-04-06;Terça;19:30:00;SP;116;207.0;GUARULHOS;Falta de atenção;Colisão com objeto fixo;Sem Vítimas;Plena noite;Crescente;Chuva;Dupla;Reta;Urbano;1;1
684152;2010-04-04;Domingo;03:40:00;SP;116;132.0;CACAPAVA;Outras;Colisão com objeto fixo;Sem Vítimas;Plena noite;Decrescente;Ignorada;Dupla;Reta;Urbano;1;1
684153;2010-01-28;Quinta;15:30:00;SP;116;135.2;SAO JOSE DOS CAMPOS;Outras;Colisão traseira;Com Vítimas Feridas;Pleno dia;Decrescente;Nublado;Dupla;Reta;Rural;2;2
684164;2010-03-31;Quarta;07:40:00;SP;116;182.5;SANTA ISABEL;Não guardar distância de segurança;Colisão traseira;Sem Vítimas;Pleno dia;Decrescente;Ceu Claro;Múltipla;Reta;Rural;2;2
684184;2010-04-06;Terça;23:00:00;SP;116;205.0;ARUJA;Outras;Colisão com objeto móvel;Com Vítimas Feridas;Plena noite;Decrescente;Chuva;Dupla;Reta;Urbano;1;1
684186;2010-04-04;Domingo;08:15:00;SP;116;144.0;SAO JOSE DOS CAMPOS;Não guardar distância de segurança;Colisão traseira;Sem Vítimas;Pleno dia;Crescente;Ceu Claro;Dupla;Reta;Urbano;2;2
684311;2010-04-07;Quarta;17:40:00;SP;116;228.0;SAO PAULO;Outras;Queda de motocicleta / bicicleta / veículo;Com Vítimas Feridas;Pleno dia;Crescente;Ceu Claro;Múltipla;Reta;Urbano;2;1
684343;2010-04-07;Quarta;15:30:00;SP;116;223.0;GUARULHOS;Falta de atenção;Colisão traseira;Sem Vítimas;Pleno dia;Decrescente;Nublado;Múltipla;Reta;Urbano;2;2
684347;2010-03-31;Quarta;11:50:00;SP;116;224.0;GUARULHOS;Falta de atenção;Colisão traseira;Sem Vítimas;Pleno dia;Decrescente;Sol;Múltipla;Reta;Urbano;4;4
684349;2010-04-07;Quarta;11:40:00;SP;116;225.0;GUARULHOS;Ultrapassagem indevida;Colisão traseira;Sem Vítimas;Pleno dia;Decrescente;Ceu Claro;Múltipla;Reta;Urbano;4;4
684387;2010-04-07;Quarta;21:50:00;SP;116;129.0;CACAPAVA;Outras;Colisão com objeto fixo;Sem Vítimas;Plena noite;Crescente;Nublado;Dupla;Reta;Urbano;1;1
684403;2010-04-06;Terça;20:10:00;SP;116;169.0;JACAREI;Outras;Colisão traseira;Sem Vítimas;Plena noite;Crescente;Nublado;Simples;Reta;Rural;2;2
684470;2010-04-08;Quinta;01:00:00;SP;116;118.8;TAUBATE;Outras;Colisão com objeto fixo;Sem Vítimas;Plena noite;Decrescente;Nublado;Dupla;Reta;Rural;1;1
684622;2010-04-01;Quinta;22:50:00;SP;116;219.0;GUARULHOS;Falta de atenção;Colisão traseira;Sem Vítimas;Plena noite;Decrescente;Ceu Claro;Múltipla;Reta;Rural;2;2
684626;2010-04-03;Sábado;06:30:00;SP;116;150.0;SAO JOSE DOS CAMPOS;Velocidade incompatível;Colisão traseira;Com Vítimas Feridas;Amanhecer;Decrescente;Chuva;Múltipla;Reta;Urbano;4;3
684629;2010-04-06;Terça;13:30:00;SP;116;103.5;TAUBATE;Outras;Capotamento;Com Vítimas Feridas;Pleno dia;Decrescente;Chuva;Dupla;Reta;Urbano;1;1
684651;2010-03-24;Quarta;06:50:00;SP;116;219.0;GUARULHOS;Falta de atenção;Colisão lateral;Com Vítimas Feridas;Amanhecer;Crescente;Nublado;Múltipla;Reta;Urbano;3;2
684711;2010-04-01;Quinta;12:45:00;SP;116;146.0;SAO JOSE DOS CAMPOS;Defeito mecânico em veículo;Colisão com objeto fixo;Sem Vítimas;Pleno dia;Decrescente;Sol;Dupla;Reta;Urbano;1;1
684733;2010-04-06;Terça;18:40:00;SP;116;224.0;GUARULHOS;Outras;Colisão traseira;Sem Vítimas;Anoitecer;Decrescente;Chuva;Dupla;Reta;Urbano;2;2
684786;2010-04-07;Quarta;05:50:00;SP;116;222.0;GUARULHOS;Outras;Colisão lateral;Sem Vítimas;Amanhecer;Crescente;Nublado;Simples;Reta;Urbano;2;2
684796;2010-03-19;Sexta;08:20:00;SP;116;222.0;GUARULHOS;Não guardar distância de segurança;Colisão traseira;Sem Vítimas;Pleno dia;Crescente;Nublado;Múltipla;Reta;Urbano;2;2
684800;2010-04-04;Domingo;11:30:00;SP;116;177.0;GUARAREMA;Outras;Saída de Pista;Sem Vítimas;Pleno dia;Crescente;Ceu Claro;Simples;Reta;Urbano;1;1
684805;2010-04-08;Quinta;16:35:00;SP;116;156.4;SAO JOSE DOS CAMPOS;Falta de atenção;Colisão traseira;Com Vítimas Feridas;Pleno dia;Decrescente;Ceu Claro;Dupla;Reta;Urbano;3;2
684840;2010-04-05;Segunda;07:20:00;SP;116;142.6;SAO JOSE DOS CAMPOS;Falta de atenção;Colisão lateral;Sem Vítimas;Pleno dia;Decrescente;Ceu Claro;Dupla;Reta;Urbano;2;2
684853;2010-04-08;Quinta;08:00:00;SP;116;140.4;SAO JOSE DOS CAMPOS;Outras;Colisão traseira;Sem Vítimas;Amanhecer;Crescente;Nublado;Dupla;Reta;Urbano;2;2
684886;2010-04-06;Terça;07:00:00;SP;116;131.3;CACAPAVA;Falta de atenção;Colisão traseira;Com Vítimas Feridas;Pleno dia;Crescente;Chuva;Dupla;Reta;Urbano;2;2
684900;2010-04-08;Quinta;18:40:00;SP;116;156.4;SAO JOSE DOS CAMPOS;Não guardar distância de segurança;Colisão traseira;Sem Vítimas;Plena noite;Decrescente;Nublado;Dupla;Reta;Urbano;3;3
684902;2010-04-08;Quinta;07:40:00;SP;116;224.0;GUARULHOS;Falta de atenção;Colisão traseira;Sem Vítimas;Pleno dia;Decrescente;Nublado;Múltipla;Reta;Urbano;2;2
684915;2010-04-08;Quinta;16:00:00;SP;116;102.0;PINDAMONHANGABA;Falta de atenção;Colisão traseira;Sem Vítimas;Pleno dia;Crescente;Nublado;Dupla;Reta;Rural;2;2
684969;2010-04-08;Quinta;18:45:00;SP;116;156.2;SAO JOSE DOS CAMPOS;Não guardar distância de segurança;Colisão traseira;Sem Vítimas;Anoitecer;Decrescente;Nublado;Dupla;Reta;Urbano;3;3
684997;2010-03-31;Quarta;07:55:00;SP;116;161.0;JACAREI;Desobediência à sinalização;Colisão com objeto fixo;Sem Vítimas;Pleno dia;Crescente;Ceu Claro;Simples;Curva;Urbano;1;1
685124;2010-04-06;Terça;03:10:00;SP;116;131.3;CACAPAVA;Outras;Capotamento;Com Vítimas Fatais;Plena noite;Crescente;Nevoeiro/neblina;Dupla;Reta;Urbano;3;2
685237;2010-04-06;Terça;19:20:00;SP;116;223.8;GUARULHOS;Falta de atenção;Tombamento;Com Vítimas Feridas;Plena noite;Decrescente;Nublado;Múltipla;Reta;Urbano;2;1
685244;2010-04-08;Quinta;02:15:00;SP;116;145.0;SAO JOSE DOS CAMPOS;Outras;Colisão traseira;Com Vítimas Feridas;Plena noite;Crescente;Chuva;Dupla;Reta;Urbano;3;2
685316;2010-04-05;Segunda;05:00:00;SP;116;160.8;JACAREI;Velocidade incompatível;Colisão traseira;Sem Vítimas;Amanhecer;Crescente;Chuva;Dupla;Reta;Urbano;2;2
685319;2010-04-08;Quinta;18:10:00;SP;116;211.0;GUARULHOS;Outras;Colisão traseira;Sem Vítimas;Anoitecer;Decrescente;Nublado;Múltipla;Reta;Urbano;2;2
685371;2010-04-07;Quarta;09:45:00;SP;116;145.0;SAO JOSE DOS CAMPOS;Não guardar distância de segurança;Colisão traseira;Sem Vítimas;Pleno dia;Crescente;Nublado;Dupla;Reta;Urbano;2;2
685396;2010-04-07;Quarta;19:00:00;SP;116;157.5;SAO JOSE DOS CAMPOS;Falta de atenção;Colisão traseira;Sem Vítimas;Plena noite;Decrescente;Ceu Claro;Dupla;Reta;Urbano;3;3
685430;2010-04-07;Quarta;07:15:00;SP;116;219.0;GUARULHOS;Falta de atenção;Colisão traseira;Sem Vítimas;Pleno dia;Crescente;Nublado;Múltipla;Reta;Urbano;2;2
685451;2010-04-09;Sexta;09:30:00;SP;116;125.0;CACAPAVA;Outras;Colisão lateral;Sem Vítimas;Pleno dia;Crescente;Chuva;Dupla;Reta;Urbano;2;2
685475;2010-04-09;Sexta;21:10:00;SP;116;115.5;TAUBATE;Outras;Atropelamento de pessoa;Com Vítimas Feridas;Plena noite;Crescente;Ceu Claro;Dupla;Reta;Urbano;2;1
685480;2010-04-09;Sexta;21:30:00;SP;116;209.0;GUARULHOS;Falta de atenção;Colisão lateral;Sem Vítimas;Plena noite;Crescente;Ceu Claro;Múltipla;Reta;Urbano;2;2
685594;2010-04-09;Sexta;23:40:00;SP;116;204.0;ARUJA;Outras;Colisão traseira;Com Vítimas Feridas;Plena noite;Decrescente;Chuva;Múltipla;Reta;Rural;3;2
685820;2010-04-07;Quarta;14:00:00;SP;116;220.0;GUARULHOS;Outras;Colisão lateral;Sem Vítimas;Pleno dia;Decrescente;Sol;Múltipla;Reta;Urbano;2;2
685919;2010-04-10;Sábado;09:00:00;SP;116;229.0;SAO PAULO;Outras;Colisão lateral;Sem Vítimas;Pleno dia;Crescente;Ceu Claro;Múltipla;Reta;Urbano;2;2
685941;2010-04-10;Sábado;23:00:00;SP;116;219.5;GUARULHOS;Não guardar distância de segurança;Colisão traseira;Com Vítimas Feridas;Plena noite;Crescente;Ceu Claro;Múltipla;Reta;Urbano;3;2
686100;2010-04-06;Terça;07:20:00;SP;116;130.5;CACAPAVA;Outras;Colisão traseira;Sem Vítimas;Pleno dia;Crescente;Chuva;Dupla;Reta;Urbano;2;2
686117;2010-04-08;Quinta;18:20:00;SP;116;218.0;GUARULHOS;Falta de atenção;Colisão lateral;Com Vítimas Feridas;Plena noite;Decrescente;Nublado;Múltipla;Reta;Urbano;2;2
686227;2010-04-11;Domingo;17:00:00;SP;116;131.9;CACAPAVA;Falta de atenção;Colisão traseira;Sem Vítimas;Pleno dia;Crescente;Ceu Claro;Dupla;Reta;Urbano;2;2
686239;2010-04-11;Domingo;16:10:00;SP;116;139.9;SAO JOSE DOS CAMPOS;Não guardar distância de segurança;Colisão traseira;Sem Vítimas;Pleno dia;Crescente;Nublado;Dupla;Reta;Urbano;6;6
686252;2010-04-11;Domingo;16:40:00;SP;116;99.0;PINDAMONHANGABA;Outras;Queda de motocicleta / bicicleta / veículo;Com Vítimas Feridas;Pleno dia;Decrescente;Nublado;Dupla;Curva;Rural;1;1
686348;2010-04-11;Domingo;14:05:00;SP;116;219.0;GUARULHOS;Falta de atenção;Colisão lateral;Sem Vítimas;Pleno dia;Decrescente;Ceu Claro;Múltipla;Reta;Urbano;2;2
686480;2010-04-10;Sábado;15:30:00;SP;116;222.0;GUARULHOS;Falta de atenção;Colisão traseira;Sem Vítimas;Pleno dia;Decrescente;Sol;Múltipla;Reta;Urbano;3;3
686514;2010-03-30;Terça;13:40:00;SP;116;210.0;GUARULHOS;Outras;Colisão traseira;Sem Vítimas;Pleno dia;Decrescente;Ceu Claro;Dupla;Reta;Urbano;2;2
686531;2010-04-05;Segunda;07:00:00;SP;116;222.0;SAO PAULO;Outras;Colisão traseira;Sem Vítimas;Amanhecer;Crescente;Chuva;Múltipla;Reta;Urbano;3;3
686533;2010-04-09;Sexta;19:40:00;SP;116;154.5;SAO JOSE DOS CAMPOS;Não guardar distância de segurança;Colisão traseira;Com Vítimas Fatais;Plena noite;Crescente;Nublado;Dupla;Reta;Urbano;2;2
686545;2010-04-07;Quarta;18:50:00;SP;116;150.5;SAO JOSE DOS CAMPOS;Não guardar distância de segurança;Colisão traseira;Sem Vítimas;Anoitecer;Crescente;Ceu Claro;Múltipla;Reta;Urbano;4;4
686561;2010-04-05;Segunda;20:30:00;SP;116;219.0;GUARULHOS;Outras;Colisão traseira;Sem Vítimas;Plena noite;Decrescente;Nublado;Múltipla;Reta;Urbano;3;3
686567;2010-04-11;Domingo;00:30:00;SP;116;212.0;GUARULHOS;Falta de atenção;Atropelamento de pessoa;Com Vítimas Fatais;Plena noite;Crescente;Ceu Claro;Múltipla;Reta;Urbano;2;1
686573;2010-04-06;Terça;06:10:00;SP;116;218.0;GUARULHOS;Falta de atenção;Colisão traseira;Sem Vítimas;Amanhecer;Crescente;Chuva;Simples;Curva;Urbano;3;3
686597;2010-04-09;Sexta;23:20:00;SP;116;158.0;JACAREI;Outras;Colisão com objeto fixo;Com Vítimas Feridas;Plena noite;Crescente;Nublado;Simples;Curva;Urbano;2;1
686741;2010-04-05;Segunda;19:00:00;SP;116;157.0;SAO JOSE DOS CAMPOS;Não guardar distância de segurança;Colisão traseira;Sem Vítimas;Plena noite;Decrescente;Ceu Claro;Dupla;Reta;Urbano;2;2
686750;2010-04-07;Quarta;22:00:00;SP;116;168.0;JACAREI;Não guardar distância de segurança;Colisão traseira;Sem Vítimas;Plena noite;Decrescente;Ceu Claro;Múltipla;Reta;Rural;2;2
686819;2010-03-22;Segunda;07:45:00;SP;116;216.0;GUARULHOS;Outras;Colisão traseira;Com Vítimas Feridas;Amanhecer;Crescente;Ceu Claro;Múltipla;Reta;Urbano;4;4
686841;2010-04-12;Segunda;09:30:00;SP;116;143.8;SAO JOSE DOS CAMPOS;Falta de atenção;Colisão traseira;Com Vítimas Feridas;Pleno dia;Crescente;Ceu Claro;Dupla;Reta;Urbano;3;2
686846;2010-03-30;Terça;19:40:00;SP;116;200.0;ARUJA;Outras;Colisão traseira;Sem Vítimas;Plena noite;Decrescente;Chuva;Dupla;Reta;Urbano;2;2
686887;2010-04-12;Segunda;19:20:00;SP;116;150.0;SAO JOSE DOS CAMPOS;Falta de atenção;Colisão lateral;Sem Vítimas;Plena noite;Crescente;Ceu Claro;Dupla;Reta;Urbano;2;2
686945;2010-04-12;Segunda;14:30:00;SP;116;133.9;CACAPAVA;Outras;Queda de motocicleta / bicicleta / veículo;Com Vítimas Feridas;Pleno dia;Decrescente;Sol;Dupla;Reta;Rural;3;2
686996;2010-03-28;Domingo;00:10:00;SP;116;223.0;GUARULHOS;Outras;Colisão lateral;Sem Vítimas;Plena noite;Decrescente;Nublado;Simples;Curva;Urbano;2;2
686998;2010-03-27;Sábado;11:30:00;SP;116;208.0;GUARULHOS;Outras;Danos Eventuais;Sem Vítimas;Pleno dia;Crescente;Ceu Claro;Dupla;Reta;Urbano;2;2
687002;2010-04-05;Segunda;06:00:00;SP;116;220.3;GUARULHOS;Falta de atenção;Colisão lateral;Com Vítimas Feridas;Amanhecer;Crescente;Chuva;Múltipla;Reta;Urbano;3;2
687044;2010-04-08;Quinta;20:25:00;SP;116;219.1;GUARULHOS;Falta de atenção;Colisão traseira;Sem Vítimas;Plena noite;Decrescente;Nublado;Múltipla;Reta;Urbano;3;3
687045;2010-04-08;Quinta;05:45:00;SP;116;162.5;JACAREI;Outras;Colisão traseira;Sem Vítimas;Amanhecer;Decrescente;Chuva;Dupla;Reta;Urbano;3;3
687063;2010-04-11;Domingo;15:15:00;SP;116;156.0;SAO JOSE DOS CAMPOS;Outras;Colisão traseira;Sem Vítimas;Pleno dia;Crescente;Ceu Claro;Dupla;Reta;Urbano;2;2
687071;2010-04-09;Sexta;19:35:00;SP;116;113.0;TAUBATE;Animais na Pista;Atropelamento de animal;Com Vítimas Feridas;Plena noite;Decrescente;Nublado;Dupla;Reta;Urbano;1;1
687084;2010-04-08;Quinta;07:40:00;SP;116;158.0;JACAREI;Não guardar distância de segurança;Colisão traseira;Sem Vítimas;Pleno dia;Decrescente;Chuva;Dupla;Reta;Urbano;2;2
687178;2010-03-22;Segunda;08:20:00;SP;116;117.9;TAUBATE;Outras;Colisão lateral;Sem Vítimas;Pleno dia;Crescente;Sol;Dupla;Reta;Rural;2;2
687231;2010-04-12;Segunda;09:25:00;SP;116;144.6;SAO JOSE DOS CAMPOS;Falta de atenção;Colisão traseira;Sem Vítimas;Pleno dia;Crescente;Ceu Claro;Dupla;Reta;Urbano;3;3
687257;2010-04-12;Segunda;09:30:00;SP;116;145.0;SAO JOSE DOS CAMPOS;Falta de atenção;Colisão traseira;Sem Vítimas;Pleno dia;Crescente;Ceu Claro;Dupla;Reta;Urbano;3;3
687281;2010-04-12;Segunda;19:40:00;SP;116;227.0;GUARULHOS;Não guardar distância de segurança;Colisão traseira;Com Vítimas Feridas;Plena noite;Decrescente;Ceu Claro;Múltipla;Reta;Urbano;2;2
687360;2010-04-12;Segunda;18:46:00;SP;116;211.0;GUARULHOS;Outras;Colisão traseira;Sem Vítimas;Anoitecer;Decrescente;Ceu Claro;Múltipla;Reta;Urbano;2;2
687396;2010-04-13;Terça;20:00:00;SP;116;220.0;GUARULHOS;Falta de atenção;Colisão lateral;Com Vítimas Feridas;Plena noite;Decrescente;Ceu Claro;Múltipla;Reta;Urbano;2;2
687406;2010-04-13;Terça;11:00:00;SP;116;219.0;GUARULHOS;Outras;Colisão traseira;Sem Vítimas;Pleno dia;Decrescente;Sol;Múltipla;Reta;Urbano;3;3
687459;2010-04-13;Terça;08:15:00;SP;116;220.1;GUARULHOS;Falta de atenção;Colisão traseira;Sem Vítimas;Pleno dia;Crescente;Ceu Claro;Múltipla;Reta;Urbano;2;2
687460;2010-04-09;Sexta;08:30:00;SP;116;225.5;GUARULHOS;Outras;Queda de motocicleta / bicicleta / veículo;Com Vítimas Feridas;Pleno dia;Crescente;Ceu Claro;Múltipla;Reta;Urbano;3;2
687471;2010-04-13;Terça;20:00:00;SP;116;222.0;GUARULHOS;Falta de atenção;Colisão traseira;Sem Vítimas;Plena noite;Crescente;Ceu Claro;Múltipla;Reta;Urbano;4;4
687539;2010-04-09;Sexta;20:10:00;SP;116;173.2;GUARAREMA;Não guardar distância de segurança;Colisão traseira;Com Vítimas Feridas;Plena noite;Decrescente;Nublado;Dupla;Reta;Rural;2;2
687552;2010-04-12;Segunda;16:30:00;SP;116;172.2;JACAREI;Falta de atenção;Colisão traseira;Sem Vítimas;Pleno dia;Crescente;Ceu Claro;Dupla;Reta;Rural;2;2
687559;2010-04-10;Sábado;07:00:00;SP;116;191.8;SANTA ISABEL;Outras;Derramamento de Carga;Sem Vítimas;Pleno dia;Decrescente;Ceu Claro;Dupla;Curva;Rural;1;1
687649;2010-04-12;Segunda;14:15:00;SP;116;222.0;GUARULHOS;Falta de atenção;Colisão lateral;Sem Vítimas;Pleno dia;Decrescente;Ceu Claro;Múltipla;Reta;Urbano;2;2
687761;2010-04-12;Segunda;06:30:00;SP;116;206.0;GUARULHOS;Falta de atenção;Colisão lateral;Com Vítimas Feridas;Amanhecer;Crescente;Sol;Dupla;Reta;Urbano;2;2
687792;2010-04-14;Quarta;15:00:00;SP;116;210.9;GUARULHOS;Falta de atenção;Colisão traseira;Sem Vítimas;Pleno dia;Decrescente;Sol;Dupla;Reta;Urbano;3;3
687999;2010-04-13;Terça;06:50:00;SP;116;210.0;GUARULHOS;Falta de atenção;Colisão traseira;Sem Vítimas;Pleno dia;Crescente;Sol;Múltipla;Reta;Rural;2;2
688081;2010-04-12;Segunda;07:25:00;SP;116;138.1;SAO JOSE DOS CAMPOS;Falta de atenção;Colisão traseira;Sem Vítimas;Pleno dia;Crescente;Ceu Claro;Dupla;Reta;Urbano;5;5
688087;2010-04-12;Segunda;06:45:00;SP;116;124.8;CACAPAVA;Falta de atenção;Colisão lateral;Sem Vítimas;Pleno dia;Crescente;Ceu Claro;Dupla;Reta;Rural;2;2
688094;2010-04-13;Terça;15:15:00;SP;116;204.0;ARUJA;Falta de atenção;Colisão traseira;Sem Vítimas;Pleno dia;Crescente;Ceu Claro;Múltipla;Reta;Rural;2;2
688140;2010-04-12;Segunda;04:40:00;SP;116;112.0;TAUBATE;Outras;Colisão traseira;Sem Vítimas;Plena noite;Crescente;Ceu Claro;Dupla;Reta;Urbano;2;2
688236;2010-04-15;Quinta;18:45:00;SP;116;103.0;TAUBATE;Outras;Capotamento;Com Vítimas Feridas;Anoitecer;Decrescente;Ceu Claro;Dupla;Reta;Rural;1;1
688322;2010-04-15;Quinta;19:00:00;SP;116;227.0;SAO PAULO;Outras;Colisão com objeto móvel;Sem Vítimas;Plena noite;Crescente;Ceu Claro;Múltipla;Reta;Urbano;1;1
688425;2010-04-14;Quarta;16:15:00;SP;116;157.0;SAO JOSE DOS CAMPOS;Não guardar distância de segurança;Colisão traseira;Sem Vítimas;Pleno dia;Decrescente;Ceu Claro;Dupla;Reta;Rural;2;2
688435;2010-04-14;Quarta;08:30:00;SP;116;107.5;TAUBATE;Outras;Colisão traseira;Sem Vítimas;Plena noite;Decrescente;Sol;Dupla;Reta;Urbano;2;2
688459;2010-04-09;Sexta;16:50:00;SP;116;224.0;GUARULHOS;Desobediência à sinalização;Colisão lateral;Sem Vítimas;Pleno dia;Decrescente;Chuva;Múltipla;Reta;Urbano;2;2
688494;2010-04-14;Quarta;19:15:00;SP;116;122.5;CACAPAVA;Falta de atenção;Colisão traseira;Com Vítimas Feridas;Plena noite;Decrescente;Ceu Claro;Dupla;Reta;Rural;3;2
688526;2010-04-06;Terça;19:40:00;SP;116;219.3;GUARULHOS;Outras;Colisão traseira;Sem Vítimas;Plena noite;Decrescente;Chuva;Múltipla;Reta;Urbano;5;5
688536;2010-04-13;Terça;19:00:00;SP;116;205.0;ARUJA;Outras;Atropelamento de pessoa;Com Vítimas Fatais;Plena noite;Crescente;Nublado;Múltipla;Reta;Rural;2;1
688563;2010-04-13;Terça;04:20:00;SP;116;188.0;SANTA ISABEL;Falta de atenção;Colisão com objeto fixo;Com Vítimas Feridas;Plena noite;Decrescente;Ceu Claro;Dupla;Reta;Rural;3;1
688700;2010-04-14;Quarta;06:15:00;SP;116;159.0;JACAREI;Falta de atenção;Colisão lateral;Sem Vítimas;Pleno dia;Decrescente;Sol;Dupla;Reta;Urbano;2;2
688748;2010-04-16;Sexta;14:10:00;SP;116;229.0;GUARULHOS;Outras;Colisão lateral;Com Vítimas Feridas;Pleno dia;Decrescente;Ceu Claro;Múltipla;Reta;Urbano;2;2
688784;2010-04-16;Sexta;09:40:00;SP;116;150.5;SAO JOSE DOS CAMPOS;Outras;Queda de motocicleta / bicicleta / veículo;Com Vítimas Feridas;Pleno dia;Decrescente;Ceu Claro;Dupla;Reta;Urbano;1;1
688795;2010-04-16;Sexta;15:30:00;SP;116;152.9;SAO JOSE DOS CAMPOS;Falta de atenção;Atropelamento de pessoa;Com Vítimas Feridas;Pleno dia;Decrescente;Ceu Claro;Dupla;Reta;Urbano;3;1