id;data_inversa;dia_semana;horario;uf;br;km;municipio;causa_acidente;tipo_acidente;classificacao_acidente;fase_dia;sentido_via;condicao_metereologica;tipo_pista;tracado_via;uso_solo;pessoas;veiculos
688826;2010-04-16;Sexta;17:30:00;SP;116;149.0;SAO JOSE DOS CAMPOS;Desobediência à sinalização;Colisão lateral;Com Vítimas Feridas;Plena noite;Crescente;Ceu Claro;Dupla;Reta;Urbano;3;2
688917;2010-04-16;Sexta;10:50:00;SP;116;161.6;JACAREI;Outras;Colisão traseira;Sem Vítimas;Pleno dia;Crescente;Ceu Claro;Dupla;Reta;Rural;2;2
689000;2010-04-15;Quinta;07:30:00;SP;116;145.0;SAO JOSE DOS CAMPOS;Outras;Colisão lateral;Sem Vítimas;Pleno dia;Crescente;Ceu Claro;Dupla;Reta;Urbano;2;2
689009;2010-04-15;Quinta;16:10:00;SP;116;149.0;SAO JOSE DOS CAMPOS;Outras;Atropelamento de pessoa;Com Vítimas Feridas;Pleno dia;Crescente;Ceu Claro;Dupla;Reta;Urbano;2;1
689079;2010-04-17;Sábado;09:40:00;SP;116;211.0;GUARULHOS;Falta de atenção;Colisão lateral;Sem Vítimas;Pleno dia;Crescente;Sol;Múltipla;Reta;Urbano;2;2
689099;2010-04-17;Sábado;13:40:00;SP;116;140.2;SAO JOSE DOS CAMPOS;Outras;Capotamento;Com Vítimas Feridas;Pleno dia;Decrescente;Ceu Claro;Dupla;Reta;Urbano;3;1
689139;2010-04-17;Sábado;10:00:00;SP;116;211.0;GUARULHOS;Falta de atenção;Colisão traseira;Sem Vítimas;Pleno dia;Crescente;Ceu Claro;Múltipla;Reta;Urbano;4;4
689161;2010-04-17;Sábado;07:50:00;SP;116;216.5;GUARULHOS;Falta de atenção;Colisão traseira;Sem Vítimas;Pleno dia;Crescente;Sol;Múltipla;Reta;Rural;8;8
689260;2010-04-17;Sábado;08:00:00;SP;116;204.0;ARUJA;Desobediência à sinalização;Colisão traseira;Sem Vítimas;Pleno dia;Crescente;Sol;Múltipla;Reta;Rural;2;2
689316;2010-04-14;Quarta;14:30:00;SP;116;207.0;GUARULHOS;Falta de atenção;Atropelamento de pessoa;Com Vítimas Feridas;Pleno dia;Crescente;Sol;Múltipla;Reta;Urbano;2;1
689398;2010-04-14;Quarta;17:50:00;SP;116;228.9;SAO PAULO;Outras;Colisão lateral;Sem Vítimas;Anoitecer;Decrescente;Ceu Claro;Múltipla;Reta;Urbano;2;2
689403;2010-04-14;Quarta;14:30:00;SP;116;144.5;SAO JOSE DOS CAMPOS;Outras;Colisão lateral;Sem Vítimas;Pleno dia;Crescente;Ceu Claro;Dupla;Reta;Urbano;2;2
689464;2010-04-15;Quinta;18:40:00;SP;116;219.0;GUARULHOS;Outras;Colisão lateral;Com Vítimas Feridas;Anoitecer;Decrescente;Sol;Múltipla;Reta;Urbano;3;3
689490;2010-04-16;Sexta;06:40:00;SP;116;204.5;ARUJA;Outras;Colisão lateral;Sem Vítimas;Amanhecer;Crescente;Sol;Múltipla;Reta;Urbano;2;2
689493;2010-04-15;Quinta;07:00:00;SP;116;157.0;SAO JOSE DOS CAMPOS;Ultrapassagem indevida;Colisão lateral;Com Vítimas Feridas;Pleno dia;Decrescente;Ceu Claro;Dupla;Reta;Urbano;2;2
689555;2010-04-12;Segunda;19:00:00;SP;116;213.0;GUARULHOS;Outras;Atropelamento de pessoa;Com Vítimas Feridas;Plena noite;Decrescente;Ceu Claro;Múltipla;Reta;Rural;2;1
689562;2010-04-18;Domingo;18:40:00;SP;116;218.9;GUARULHOS;Falta de atenção;Colisão traseira;Sem Vítimas;Anoitecer;Crescente;Nublado;Múltipla;Reta;Urbano;3;3
689565;2010-04-15;Quinta;07:00:00;SP;116;145.5;SAO JOSE DOS CAMPOS;Outras;Colisão traseira;Sem Vítimas;Pleno dia;Crescente;Ceu Claro;Dupla;Reta;Urbano;2;2
689570;2010-04-12;Segunda;23:00:00;SP;116;210.0;GUARULHOS;Falta de atenção;Capotamento;Sem Vítimas;Plena noite;Crescente;Ceu Claro;Múltipla;Reta;Rural;1;1
689635;2010-04-17;Sábado;09:30:00;SP;116;211.0;GUARULHOS;Falta de atenção;Colisão traseira;Sem Vítimas;Pleno dia;Crescente;Ceu Claro;Múltipla;Reta;Rural;2;2
689662;2010-04-17;Sábado;18:45:00;SP;116;214.0;GUARULHOS;Outras;Saída de Pista;Sem Vítimas;Plena noite;Crescente;Ceu Claro;Múltipla;Reta;Rural;1;1
689710;2010-04-18;Domingo;18:45:00;SP;116;130.5;CACAPAVA;Outras;Atropelamento de pessoa;Com Vítimas Fatais;Plena noite;Crescente;Ceu Claro;Dupla;Reta;Rural;2;1
689720;2010-04-14;Quarta;17:30:00;SP;116;225.0;GUARULHOS;Outras;Colisão traseira;Sem Vítimas;Pleno dia;Decrescente;Ceu Claro;Múltipla;Reta;Urbano;2;2
689729;2010-04-18;Domingo;18:00:00;SP;116;227.0;SAO PAULO;Outras;Colisão lateral;Sem Vítimas;Anoitecer;Crescente;Ceu Claro;Simples;Curva;Urbano;2;2
689755;2010-04-13;Terça;07:00:00;SP;116;210.0;GUARULHOS;Falta de atenção;Colisão lateral;Sem Vítimas;Pleno dia;Decrescente;Ceu Claro;Múltipla;Reta;Urbano;2;2
689780;2010-04-15;Quinta;07:00:00;SP;116;145.5;SAO JOSE DOS CAMPOS;Não guardar distância de segurança;Colisão lateral;Com Vítimas Feridas;Pleno dia;Crescente;Ceu Claro;Dupla;Reta;Urbano;4;4
689862;2010-04-17;Sábado;20:00:00;SP;116;220.9;GUARULHOS;Falta de atenção;Colisão lateral;Sem Vítimas;Plena noite;Crescente;Ceu Claro;Múltipla;Reta;Urbano;3;3
689876;2010-04-17;Sábado;23:20:00;SP;116;218.0;GUARULHOS;Outras;Colisão traseira;Sem Vítimas;Plena noite;Crescente;Ceu Claro;Múltipla;Reta;Urbano;3;3
689895;2010-04-19;Segunda;10:05:00;SP;116;125.0;CACAPAVA;Desobediência à sinalização;Colisão traseira;Sem Vítimas;Pleno dia;Crescente;Sol;Dupla;Reta;Urbano;3;3
689898;2010-04-17;Sábado;09:00:00;SP;116;211.0;GUARULHOS;Falta de atenção;Colisão traseira;Sem Vítimas;Pleno dia;Crescente;Ceu Claro;Múltipla;Reta;Urbano;2;2
689902;2010-04-15;Quinta;21:55:00;SP;116;141.9;SAO JOSE DOS CAMPOS;Falta de atenção;Colisão traseira;Sem Vítimas;Plena noite;Decrescente;Ceu Claro;Dupla;Reta;Urbano;2;2
689917;2010-04-16;Sexta;07:14:00;SP;116;221.0;GUARULHOS;Falta de atenção;Colisão traseira;Sem Vítimas;Pleno dia;Crescente;Ceu Claro;Múltipla;Reta;Urbano;2;2
689929;2010-04-17;Sábado;22:00:00;SP;116;223.5;GUARULHOS;Falta de atenção;Colisão traseira;Sem Vítimas;Plena noite;Crescente;Ceu Claro;Múltipla;Reta;Urbano;4;4
690032;2010-04-17;Sábado;20:00:00;SP;116;210.0;GUARULHOS;Ultrapassagem indevida;Queda de motocicleta / bicicleta / veículo;Com Vítimas Fatais;Plena noite;Decrescente;Ceu Claro;Múltipla;Reta;Urbano;1;1
690090;2010-04-18;Domingo;20:10:00;SP;116;217.4;SAO PAULO;Outras;Atropelamento de pessoa;Com Vítimas Feridas;Plena noite;Crescente;Ceu Claro;Simples;Reta;Urbano;2;1
690114;2010-04-17;Sábado;15:30:00;SP;116;222.0;GUARULHOS;Falta de atenção;Colisão traseira;Sem Vítimas;Pleno dia;Decrescente;Sol;Múltipla;Reta;Urbano;2;2
690135;2010-04-20;Terça;01:20:00;SP;116;227.0;GUARULHOS;Outras;Colisão lateral;Sem Vítimas;Plena noite;Decrescente;Ceu Claro;Múltipla;Reta;Urbano;2;2
690166;2010-04-11;Domingo;14:40:00;SP;116;227.7;SAO PAULO;Outras;Colisão com objeto fixo;Sem Vítimas;Pleno dia;Crescente;Ceu Claro;Múltipla;Reta;Urbano;1;1
690227;2010-04-17;Sábado;05:15:00;SP;116;127.7;CACAPAVA;Dormindo;Colisão com objeto fixo;Sem Vítimas;Plena noite;Decrescente;Ceu Claro;Dupla;Reta;Urbano;2;2
690255;2010-04-17;Sábado;00:30:00;SP;116;99.0;PINDAMONHANGABA;Outras;Colisão traseira;Sem Vítimas;Plena noite;Decrescente;Ceu Claro;Dupla;Reta;Rural;4;4
690261;2010-04-15;Quinta;20:00:00;SP;116;153.5;SAO JOSE DOS CAMPOS;Outras;Colisão traseira;Sem Vítimas;Plena noite;Decrescente;Ceu Claro;Dupla;Reta;Urbano;2;2
690287;2010-04-18;Domingo;07:50:00;SP;116;182.5;SANTA ISABEL;Não guardar distância de segurança;Colisão traseira;Sem Vítimas;Pleno dia;Decrescente;Nublado;Múltipla;Reta;Urbano;3;3
690326;2010-04-17;Sábado;17:00:00;SP;116;136.0;SAO JOSE DOS CAMPOS;Outras;Colisão traseira;Com Vítimas Feridas;Pleno dia;Decrescente;Sol;Dupla;Reta;Urbano;4;2
690401;2010-04-20;Terça;00:15:00;SP;116;154.4;SAO JOSE DOS CAMPOS;Outras;Colisão traseira;Com Vítimas Feridas;Plena noite;Crescente;Ceu Claro;Dupla;Reta;Urbano;2;2
690414;2010-04-18;Domingo;21:00:00;SP;116;147.0;SAO JOSE DOS CAMPOS;Outras;Saída de Pista;Com Vítimas Feridas;Plena noite;Decrescente;Ceu Claro;Múltipla;Curva;Urbano;1;1
690423;2010-04-17;Sábado;17:30:00;SP;116;144.0;SAO JOSE DOS CAMPOS;Falta de atenção;Colisão lateral;Sem Vítimas;Pleno dia;Decrescente;Sol;Dupla;Reta;Urbano;2;2
690500;2010-04-18;Domingo;00:40:00;SP;116;166.0;JACAREI;Falta de atenção;Colisão traseira;Sem Vítimas;Plena noite;Decrescente;Nublado;Dupla;Reta;Rural;2;2
690503;2010-04-16;Sexta;14:10:00;SP;116;109.5;TAUBATE;Outras;Colisão traseira;Sem Vítimas;Pleno dia;Decrescente;Ceu Claro;Dupla;Reta;Urbano;3;3
690788;2010-04-19;Segunda;00:05:00;SP;116;195.1;ARUJA;Animais na Pista;Atropelamento de animal;Sem Vítimas;Plena noite;Decrescente;Nevoeiro/neblina;Dupla;Reta;Rural;1;1
690903;2010-04-18;Domingo;05:45:00;SP;116;154.0;SAO JOSE DOS CAMPOS;Não guardar distância de segurança;Colisão lateral;Sem Vítimas;Amanhecer;Crescente;Ceu Claro;Dupla;Reta;Urbano;2;2
690960;2010-04-20;Terça;07:30:00;SP;116;211.0;GUARULHOS;Outras;Colisão com objeto móvel;Sem Vítimas;Pleno dia;Crescente;Ceu Claro;Múltipla;Reta;Urbano;2;2
690979;2010-04-20;Terça;09:10:00;SP;116;204.0;ARUJA;Falta de atenção;Colisão traseira;Sem Vítimas;Pleno dia;Crescente;Ceu Claro;Dupla;Reta;Urbano;2;2
691006;2010-04-20;Terça;22:10:00;SP;116;212.0;GUARULHOS;Outras;Colisão traseira;Sem Vítimas;Plena noite;Decrescente;Ceu Claro;Múltipla;Reta;Urbano;2;2
691027;2010-04-21;Quarta;06:50:00;SP;116;211.0;GUARULHOS;Outras;Colisão traseira;Sem Vítimas;Pleno dia;Decrescente;Ceu Claro;Múltipla;Reta;Urbano;2;2
691039;2010-04-21;Quarta;19:00:00;SP;116;211.1;GUARULHOS;Falta de atenção;Colisão traseira;Com Vítimas Feridas;Plena noite;Crescente;Ceu Claro;Múltipla;Reta;Urbano;3;2
691044;2010-04-21;Quarta;07:20:00;SP;116;212.0;GUARULHOS;Outras;Colisão com objeto fixo;Sem Vítimas;Pleno dia;Crescente;Ceu Claro;Múltipla;Reta;Urbano;1;1
691076;2010-04-18;Domingo;13:45:00;SP;116;156.0;SAO JOSE DOS CAMPOS;Outras;Colisão traseira;Com Vítimas Feridas;Pleno dia;Crescente;Ceu Claro;Dupla;Reta;Rural;2;2
691081;2010-04-20;Terça;22:30:00;SP;116;215.0;GUARULHOS;Outras;Colisão lateral;Sem Vítimas;Plena noite;Decrescente;Ceu Claro;Múltipla;Reta;Urbano;2;2
691172;2010-04-21;Quarta;20:50:00;SP;116;218.5;GUARULHOS;Ingestão de álcool;Colisão com objeto fixo;Sem Vítimas;Plena noite;Crescente;Ceu Claro;Simples;Curva;Urbano;1;1
691185;2010-04-21;Quarta;12:30:00;SP;116;201.0;ARUJA;Falta de atenção;Colisão lateral;Com Vítimas Feridas;Pleno dia;Decrescente;Ceu Claro;Múltipla;Reta;Urbano;3;2
691194;2010-04-18;Domingo;16:25:00;SP;116;136.5;SAO JOSE DOS CAMPOS;Falta de atenção;Colisão traseira;Com Vítimas Feridas;Pleno dia;Crescente;Sol;Dupla;Reta;Urbano;2;2
691290;2010-04-20;Terça;07:10:00;SP;116;220.0;GUARULHOS;Outras;Colisão traseira;Com Vítimas Feridas;Amanhecer;Crescente;Sol;Múltipla;Reta;Urbano;2;2
691423;2010-04-19;Segunda;12:30:00;SP;116;220.0;GUARULHOS;Outras;Colisão lateral;Com Vítimas Feridas;Pleno dia;Decrescente;Sol;Múltipla;Reta;Urbano;2;2
691497;2010-04-19;Segunda;07:17:00;SP;116;166.8;JACAREI;Outras;Colisão com objeto móvel;Sem Vítimas;Pleno dia;Crescente;Ceu Claro;Dupla;Reta;Urbano;1;1
691534;2010-04-20;Terça;08:30:00;SP;116;146.2;SAO JOSE DOS CAMPOS;Falta de atenção;Colisão traseira;Sem Vítimas;Pleno dia;Crescente;Ceu Claro;Dupla;Reta;Rural;2;2
691571;2010-04-22;Quinta;19:00:00;SP;116;224.3;GUARULHOS;Outras;Colisão traseira;Sem Vítimas;Plena noite;Decrescente;Ceu Claro;Múltipla;Reta;Urbano;3;3
691676;2010-04-22;Quinta;17:15:00;SP;116;217.0;GUARULHOS;Defeito mecânico em veículo;Colisão com objeto móvel;Sem Vítimas;Anoitecer;Crescente;Ceu Claro;Múltipla;Reta;Urbano;2;2
691683;2010-03-30;Terça;15:30:00;SP;116;202.0;ARUJA;Falta de atenção;Tombamento;Sem Vítimas;Pleno dia;Crescente;Chuva;Dupla;Reta;Urbano;1;1
691691;2010-04-18;Domingo;04:25:00;SP;116;132.9;CACAPAVA;Ingestão de álcool;Colisão traseira;Sem Vítimas;Plena noite;Crescente;Ceu Claro;Dupla;Reta;Urbano;2;2
691798;2010-04-20;Terça;22:30:00;SP;116;174.3;JACAREI;Outras;Saída de Pista;Sem Vítimas;Plena noite;Crescente;Ceu Claro;Dupla;Reta;Rural;1;1
691861;2010-04-21;Quarta;11:10:00;SP;116;188.9;SANTA ISABEL;Ultrapassagem indevida;Colisão lateral;Com Vítimas Feridas;Pleno dia;Crescente;Sol;Dupla;Reta;Rural;3;3
691972;2010-04-22;Quinta;15:20:00;SP;116;165.0;JACAREI;Não guardar distância de segurança;Colisão lateral;Sem Vítimas;Pleno dia;Crescente;Ceu Claro;Múltipla;Reta;Urbano;2;2
692146;2010-04-18;Domingo;03:36:00;SP;116;197.0;ARUJA;Outras;Colisão traseira;Com Vítimas Fatais;Plena noite;Crescente;Ceu Claro;Múltipla;Curva;Rural;2;2
692149;2010-04-19;Segunda;22:40:00;SP;116;101.0;PINDAMONHANGABA;Falta de atenção;Colisão traseira;Sem Vítimas;Plena noite;Decrescente;Ceu Claro;Dupla;Reta;Rural;2;2
692249;2010-04-20;Terça;21:00:00;SP;116;115.2;TAUBATE;Outras;Colisão traseira;Sem Vítimas;Plena noite;Decrescente;Ceu Claro;Dupla;Reta;Urbano;2;2
692291;2010-04-21;Quarta;19:45:00;SP;116;227.8;SAO PAULO;Falta de atenção;Queda de motocicleta / bicicleta / veículo;Sem Vítimas;Plena noite;Decrescente;Ceu Claro;Múltipla;Reta;Urbano;1;1
692419;2010-04-21;Quarta;16:00:00;SP;116;154.0;SAO JOSE DOS CAMPOS;Ultrapassagem indevida;Colisão lateral;Sem Vítimas;Pleno dia;Crescente;Ceu Claro;Dupla;Reta;Urbano;2;2
692500;2010-04-21;Quarta;14:10:00;SP;116;102.0;PINDAMONHANGABA;Outras;Colisão lateral;Sem Vítimas;Pleno dia;Crescente;Ceu Claro;Dupla;Reta;Urbano;2;2
692524;2010-04-22;Quinta;06:50:00;SP;116;165.0;SAO JOSE DOS CAMPOS;Não guardar distância de segurança;Colisão traseira;Sem Vítimas;Pleno dia;Decrescente;Sol;Dupla;Reta;Rural;2;2
692590;2010-04-22;Quinta;20:00:00;SP;116;222.0;GUARULHOS;Outras;Colisão traseira;Sem Vítimas;Plena noite;Decrescente;Nublado;Múltipla;Reta;Urbano;2;2
692689;2010-04-25;Domingo;04:40:00;SP;116;146.2;SAO JOSE DOS CAMPOS;Dormindo;Colisão traseira;Sem Vítimas;Plena noite;Crescente;Nublado;Dupla;Reta;Urbano;2;2
692764;2010-04-23;Sexta;18:50:00;SP;116;148.4;SAO JOSE DOS CAMPOS;Não guardar distância de segurança;Colisão lateral;Sem Vítimas;Anoitecer;Decrescente;Ceu Claro;Dupla;Reta;Urbano;4;4
692896;2010-04-19;Segunda;17:10:00;SP;116;210.0;GUARULHOS;Falta de atenção;Colisão traseira;Sem Vítimas;Pleno dia;Decrescente;Ceu Claro;Múltipla;Reta;Urbano;2;2
692931;2010-04-19;Segunda;17:00:00;SP;116;223.0;GUARULHOS;Dormindo;Colisão com objeto fixo;Sem Vítimas;Pleno dia;Decrescente;Sol;Múltipla;Reta;Urbano;1;1
692949;2010-04-25;Domingo;16:30:00;SP;116;218.2;GUARULHOS;Outras;Colisão traseira;Sem Vítimas;Pleno dia;Decrescente;Chuva;Múltipla;Reta;Urbano;3;3
692997;2010-04-24;Sábado;17:25:00;SP;116;203.3;ARUJA;Outras;Saída de Pista;Sem Vítimas;Pleno dia;Crescente;Ceu Claro;Dupla;Reta;Rural;1;1
693005;2010-04-17;Sábado;07:30:00;SP;116;221.3;GUARULHOS;Falta de atenção;Queda de motocicleta / bicicleta / veículo;Com Vítimas Feridas;Pleno dia;Crescente;Sol;Múltipla;Reta;Urbano;1;1
693022;2010-04-20;Terça;18:50:00;SP;116;227.0;GUARULHOS;Falta de atenção;Colisão traseira;Com Vítimas Feridas;Anoitecer;Decrescente;Ceu Claro;Múltipla;Reta;Urbano;2;2
693055;2010-04-24;Sábado;00:30:00;SP;116;229.0;SAO PAULO;Outras;Colisão com objeto fixo;Sem Vítimas;Plena noite;Crescente;Chuva;Múltipla;Reta;Urbano;1;1
693253;2010-04-24;Sábado;00:30:00;SP;116;177.0;GUARAREMA;Outras;Derramamento de Carga;Sem Vítimas;Plena noite;Decrescente;Chuva;Dupla;Curva;Rural;1;1
693362;2010-04-19;Segunda;15:30:00;SP;116;212.0;GUARULHOS;Outras;Colisão com objeto fixo;Sem Vítimas;Pleno dia;Decrescente;Ceu Claro;Múltipla;Reta;Urbano;1;1
693452;2010-04-25;Domingo;16:45:00;SP;116;219.0;GUARULHOS;Falta de atenção;Colisão traseira;Sem Vítimas;Pleno dia;Decrescente;Chuva;Múltipla;Reta;Urbano;2;2
693491;2010-04-25;Domingo;16:45:00;SP;116;216.0;GUARULHOS;Falta de atenção;Colisão traseira;Sem Vítimas;Pleno dia;Crescente;Nublado;Múltipla;Reta;Rural;2;2
693552;2010-04-26;Segunda;08:45:00;SP;116;157.2;SAO JOSE DOS CAMPOS;Falta de atenção;Capotamento;Sem Vítimas;Pleno dia;Crescente;Ceu Claro;Múltipla;Reta;Rural;1;1
693572;2010-04-26;Segunda;14:40:00;SP;116;225.8;GUARULHOS;Outras;Colisão traseira;Com Vítimas Feridas;Pleno dia;Decrescente;Sol;Múltipla;Reta;Urbano;3;3
693649;2010-04-26;Segunda;19:30:00;SP;116;221.0;GUARULHOS;Falta de atenção;Colisão lateral;Sem Vítimas;Plena noite;Decrescente;Nublado;Múltipla;Reta;Urbano;2;2
693676;2010-04-24;Sábado;04:20:00;SP;116;102.5;PINDAMONHANGABA;Outras;Tombamento;Sem Vítimas;Plena noite;Decrescente;Ceu Claro;Dupla;Reta;Rural;1;1
693685;2010-04-16;Sexta;03:30:00;SP;116;197.0;ARUJA;Outras;Saída de Pista;Sem Vítimas;Plena noite;Crescente;Ceu Claro;Simples;Reta;Urbano;1;1
693726;2010-02-07;Domingo;14:00:00;SP;116;145.6;SAO JOSE DOS CAMPOS;Falta de atenção;Colisão traseira;Com Vítimas Feridas;Pleno dia;Decrescente;Ceu Claro;Múltipla;Reta;Rural;3;2
693814;2010-02-25;Quinta;14:00:00;SP;116;145.0;SAO JOSE DOS CAMPOS;Outras;Colisão com objeto fixo;Sem Vítimas;Pleno dia;Crescente;Ceu Claro;Dupla;Reta;Urbano;1;1
693822;2010-04-25;Domingo;17:20:00;SP;116;122.0;CACAPAVA;Outras;Capotamento;Com Vítimas Feridas;Pleno dia;Decrescente;Sol;Dupla;Reta;Urbano;3;1
693824;2010-03-11;Quinta;19:35:00;SP;116;155.8;SAO JOSE DOS CAMPOS;Falta de atenção;Colisão lateral;Sem Vítimas;Plena noite;Crescente;Ceu Claro;Simples;Reta;Rural;2;2
693856;2010-04-27;Terça;14:20:00;SP;116;133.0;CACAPAVA;Outras;Atropelamento de pessoa;Com Vítimas Feridas;Pleno dia;Decrescente;Ceu Claro;Dupla;Reta;Urbano;2;1
693867;2010-04-27;Terça;01:57:00;SP;116;101.5;PINDAMONHANGABA;Outras;Colisão traseira;Com Vítimas Feridas;Plena noite;Decrescente;Ceu Claro;Dupla;Reta;Urbano;3;2
693887;2010-04-27;Terça;08:30:00;SP;116;107.0;TAUBATE;Outras;Tombamento;Sem Vítimas;Pleno dia;Decrescente;Ceu Claro;Dupla;Reta;Urbano;1;1
693908;2010-04-24;Sábado;04:50:00;SP;116;109.1;TAUBATE;Outras;Colisão lateral;Com Vítimas Fatais;Plena noite;Decrescente;Ceu Claro;Dupla;Reta;Urbano;6;2
693986;2010-04-19;Segunda;13:00:00;SP;116;221.0;GUARULHOS;Outras;Colisão traseira;Com Vítimas Feridas;Pleno dia;Crescente;Sol;Múltipla;Reta;Urbano;2;2
693991;2010-04-23;Sexta;06:50:00;SP;116;228.0;SAO PAULO;Não guardar distância de segurança;Colisão lateral;Sem Vítimas;Pleno dia;Crescente;Nublado;Múltipla;Reta;Urbano;2;2
693993;2010-04-23;Sexta;21:35:00;SP;116;228.0;SAO PAULO;Outras;Colisão traseira;Sem Vítimas;Plena noite;Decrescente;Chuva;Múltipla;Reta;Urbano;3;3
694210;2010-04-26;Segunda;01:45:00;SP;116;144.8;SAO JOSE DOS CAMPOS;Não guardar distância de segurança;Colisão traseira;Com Vítimas Feridas;Plena noite;Crescente;Ceu Claro;Dupla;Reta;Urbano;3;2
694414;2010-04-26;Segunda;07:00:00;SP;116;128.7;CACAPAVA;Outras;Queda de motocicleta / bicicleta / veículo;Sem Vítimas;Amanhecer;Crescente;Sol;Dupla;Reta;Urbano;1;1
694498;2010-04-24;Sábado;15:00:00;SP;116;181.0;GUARAREMA;Defeito na via;Colisão com objeto fixo;Sem Vítimas;Pleno dia;Crescente;Sol;Simples;Reta;Rural;1;1
694557;2010-04-22;Quinta;19:20:00;SP;116;211.3;GUARULHOS;Falta de atenção;Colisão lateral;Sem Vítimas;Plena noite;Crescente;Ceu Claro;Múltipla;Reta;Urbano;2;2
694609;2010-04-19;Segunda;06:00:00;SP;116;194.9;ARUJA;Outras;Colisão lateral;Sem Vítimas;Amanhecer;Crescente;Ceu Claro;Dupla;Reta;Urbano;2;2
694747;2010-04-29;Quinta;08:25:00;SP;116;196.0;GUARULHOS;Falta de atenção;Colisão lateral;Sem Vítimas;Pleno dia;Decrescente;Nublado;Dupla;Reta;Rural;2;2
694789;2010-04-29;Quinta;15:30:00;SP;116;222.0;GUARULHOS;Falta de atenção;Colisão traseira;Sem Vítimas;Pleno dia;Decrescente;Nublado;Múltipla;Reta;Urbano;2;2
694791;2010-04-27;Terça;21:00:00;SP;116;166.0;JACAREI;Outras;Colisão traseira;Sem Vítimas;Plena noite;Crescente;Ceu Claro;Dupla;Reta;Urbano;2;2
694901;2010-04-29;Quinta;23:30:00;SP;116;210.4;GUARULHOS;Falta de atenção;Colisão lateral;Sem Vítimas;Plena noite;Decrescente;Ceu Claro;Dupla;Reta;Urbano;2;2
694982;2010-04-27;Terça;07:05:00;SP;116;116.9;TAUBATE;Outras;Colisão com objeto fixo;Sem Vítimas;Amanhecer;Crescente;Ceu Claro;Dupla;Reta;Urbano;1;1
694983;2010-04-27;Terça;07:00:00;SP;116;116.9;TAUBATE;Não guardar distância de segurança;Colisão traseira;Sem Vítimas;Pleno dia;Crescente;Sol;Dupla;Reta;Rural;2;2
695126;2010-04-20;Terça;18:50:00;SP;116;228.6;SAO PAULO;Velocidade incompatível;Colisão traseira;Com Vítimas Fatais;Plena noite;Decrescente;Ceu Claro;Múltipla;Reta;Urbano;3;2
695245;2010-04-30;Sexta;17:00:00;SP;116;221.7;GUARULHOS;Outras;Colisão com objeto móvel;Com Vítimas Feridas;Pleno dia;Crescente;Nublado;Múltipla;Reta;Urbano;2;2
695344;2010-04-27;Terça;05:30:00;SP;116;127.4;CACAPAVA;Falta de atenção;Colisão traseira;Sem Vítimas;Amanhecer;Crescente;Nublado;Dupla;Reta;Urbano;2;2
695404;2010-04-30;Sexta;19:13:00;SP;116;223.2;GUARULHOS;Falta de atenção;Colisão com objeto fixo;Com Vítimas Feridas;Anoitecer;Crescente;Nublado;Múltipla;Reta;Urbano;3;1
695464;2010-04-30;Sexta;17:15:00;SP;116;116.0;TAUBATE;Outras;Colisão traseira;Sem Vítimas;Anoitecer;Decrescente;Nublado;Dupla;Reta;Rural;3;3
695578;2010-04-29;Quinta;18:34:00;SP;116;105.9;TAUBATE;Outras;Atropelamento de pessoa;Com Vítimas Fatais;Anoitecer;Crescente;Nublado;Dupla;Reta;Urbano;2;1
695645;2010-04-27;Terça;19:40:00;SP;116;132.6;CACAPAVA;Outras;Capotamento;Com Vítimas Fatais;Plena noite;Decrescente;Ceu Claro;Dupla;Reta;Rural;4;2
695655;2010-04-28;Quarta;18:30:00;SP;116;143.0;SAO JOSE DOS CAMPOS;Outras;Colisão traseira;Sem Vítimas;Anoitecer;Crescente;Ceu Claro;Dupla;Reta;Urbano;2;2
695661;2010-04-29;Quinta;07:15:00;SP;116;107.4;TAUBATE;Outras;Colisão com objeto fixo;Com Vítimas Feridas;Pleno dia;Decrescente;Ceu Claro;Dupla;Reta;Urbano;2;1
695704;2010-04-20;Terça;12:40:00;SP;116;144.0;SAO JOSE DOS CAMPOS;Outras;Colisão traseira;Sem Vítimas;Pleno dia;Decrescente;Ceu Claro;Dupla;Reta;Urbano;2;2
695754;2010-04-27;Terça;19:55:00;SP;116;132.2;CACAPAVA;Outras;Colisão traseira;Sem Vítimas;Plena noite;Crescente;Nublado;Dupla;Reta;Rural;3;3
695789;2010-04-27;Terça;17:50:00;SP;116;223.5;GUARULHOS;Outras;Queda de motocicleta / bicicleta / veículo;Com Vítimas Fatais;Pleno dia;Decrescente;Neve;Múltipla;Reta;Urbano;1;1
695811;2010-04-28;Quarta;11:45:00;SP;116;225.0;GUARULHOS;Falta de atenção;Colisão lateral;Com Vítimas Feridas;Pleno dia;Decrescente;Ceu Claro;Múltipla;Reta;Urbano;2;2
695893;2010-05-01;Sábado;21:50:00;SP;116;145.0;SAO JOSE DOS CAMPOS;Outras;Colisão lateral;Sem Vítimas;Plena noite;Decrescente;Ceu Claro;Múltipla;Reta;Urbano;3;3
695959;2010-04-27;Terça;11:40:00;SP;116;133.4;CACAPAVA;Outras;Atropelamento de pessoa;Com Vítimas Feridas;Pleno dia;Decrescente;Sol;Dupla;Reta;Rural;2;1