id;data_inversa;dia_semana;horario;uf;br;km;municipio;causa_acidente;tipo_acidente;classificacao_acidente;fase_dia;sentido_via;condicao_metereologica;tipo_pista;tracado_via;uso_solo;pessoas;veiculos
696116;2010-04-29;Quinta;01:25:00;SP;116;113.4;TAUBATE;Outras;Colisão lateral;Sem Vítimas;Plena noite;Decrescente;Ceu Claro;Dupla;Reta;Urbano;2;2
696117;2010-04-27;Terça;19:00:00;SP;116;156.5;SAO JOSE DOS CAMPOS;Não guardar distância de segurança;Colisão traseira;Sem Vítimas;Plena noite;Decrescente;Ceu Claro;Dupla;Reta;Urbano;3;3
696140;2010-04-26;Segunda;03:20:00;SP;116;143.0;SAO JOSE DOS CAMPOS;Dormindo;Colisão traseira;Sem Vítimas;Plena noite;Crescente;Ceu Claro;Dupla;Reta;Urbano;3;3
696157;2010-04-26;Segunda;06:10:00;SP;116;214.0;GUARULHOS;Defeito mecânico em veículo;Colisão traseira;Com Vítimas Feridas;Amanhecer;Crescente;Nevoeiro/neblina;Múltipla;Reta;Urbano;5;3
696320;2010-05-02;Domingo;21:00:00;SP;116;165.5;JACAREI;Não guardar distância de segurança;Colisão traseira;Sem Vítimas;Plena noite;Decrescente;Ceu Claro;Múltipla;Reta;Rural;2;2
696337;2010-04-27;Terça;22:30:00;SP;116;203.0;ARUJA;Outras;Atropelamento de pessoa;Sem Vítimas;Plena noite;Decrescente;Ceu Claro;Dupla;Reta;Urbano;2;1
696475;2010-05-01;Sábado;00:20:00;SP;116;219.0;GUARULHOS;Defeito mecânico em veículo;Colisão traseira;Com Vítimas Feridas;Plena noite;Crescente;Ceu Claro;Múltipla;Reta;Urbano;3;2
696503;2010-05-01;Sábado;21:30:00;SP;116;150.5;SAO JOSE DOS CAMPOS;Falta de atenção;Colisão traseira;Sem Vítimas;Plena noite;Crescente;Ceu Claro;Dupla;Reta;Urbano;4;4
696539;2010-04-28;Quarta;14:15:00;SP;116;162.5;JACAREI;Não guardar distância de segurança;Colisão traseira;Sem Vítimas;Pleno dia;Decrescente;Sol;Dupla;Reta;Rural;2;2
696575;2010-04-24;Sábado;14:10:00;SP;116;218.0;GUARULHOS;Outras;Colisão lateral;Sem Vítimas;Pleno dia;Decrescente;Ceu Claro;Múltipla;Reta;Urbano;2;2
696628;2010-05-02;Domingo;03:36:00;SP;116;143.5;SAO JOSE DOS CAMPOS;Falta de atenção;Colisão traseira;Sem Vítimas;Plena noite;Decrescente;Ceu Claro;Dupla;Reta;Urbano;2;2
696663;2010-04-30;Sexta;22:50:00;SP;116;220.5;GUARULHOS;Outras;Colisão traseira;Sem Vítimas;Plena noite;Decrescente;Nublado;Múltipla;Reta;Urbano;3;3
696676;2010-05-03;Segunda;08:00:00;SP;116;145.9;SAO JOSE DOS CAMPOS;Não guardar distância de segurança;Colisão traseira;Sem Vítimas;Amanhecer;Crescente;Ceu Claro;Dupla;Reta;Urbano;2;2
696840;2010-05-03;Segunda;07:15:00;SP;116;222.0;GUARULHOS;Falta de atenção;Colisão lateral;Sem Vítimas;Amanhecer;Crescente;Nublado;Múltipla;Reta;Urbano;2;2
696907;2010-04-30;Sexta;10:20:00;SP;116;165.0;JACAREI;Não guardar distância de segurança;Colisão traseira;Sem Vítimas;Pleno dia;Decrescente;Nublado;Múltipla;Reta;Rural;2;2
696926;2010-04-30;Sexta;17:55:00;SP;116;142.5;SAO JOSE DOS CAMPOS;Falta de atenção;Colisão traseira;Com Vítimas Feridas;Anoitecer;Decrescente;Nublado;Dupla;Reta;Urbano;4;2
696934;2010-05-01;Sábado;15:40:00;SP;116;222.0;GUARULHOS;Outras;Colisão lateral;Sem Vítimas;Pleno dia;Crescente;Ceu Claro;Múltipla;Reta;Urbano;2;2
696948;2010-05-03;Segunda;17:15:00;SP;116;211.0;GUARULHOS;Outras;Colisão traseira;Com Vítimas Feridas;Pleno dia;Decrescente;Ceu Claro;Múltipla;Reta;Urbano;2;2
696959;2010-05-03;Segunda;17:30:00;SP;116;218.0;GUARULHOS;Falta de atenção;Colisão lateral;Com Vítimas Feridas;Pleno dia;Decrescente;Ceu Claro;Múltipla;Reta;Urbano;2;2
696978;2010-05-03;Segunda;12:05:00;SP;116;228.0;SAO PAULO;Defeito mecânico em veículo;Colisão traseira;Sem Vítimas;Pleno dia;Crescente;Sol;Múltipla;Reta;Urbano;3;3
697003;2010-04-30;Sexta;17:50:00;SP;116;117.0;TAUBATE;Outras;Colisão traseira;Sem Vítimas;Anoitecer;Decrescente;Nublado;Dupla;Reta;Rural;3;3
697007;2010-05-03;Segunda;09:00:00;SP;116;219.0;GUARULHOS;Não guardar distância de segurança;Colisão traseira;Sem Vítimas;Pleno dia;Crescente;Ceu Claro;Múltipla;Reta;Urbano;2;2
697078;2010-05-01;Sábado;09:00:00;SP;116;157.0;SAO JOSE DOS CAMPOS;Outras;Colisão com objeto fixo;Sem Vítimas;Pleno dia;Crescente;Ceu Claro;Dupla;Reta;Urbano;1;1
697088;2010-05-01;Sábado;23:00:00;SP;116;186.0;SANTA ISABEL;Outras;Colisão com objeto fixo;Com Vítimas Feridas;Plena noite;Decrescente;Ceu Claro;Dupla;Reta;Urbano;1;1
697128;2010-04-29;Quinta;20:58:00;SP;116;99.2;PINDAMONHANGABA;Falta de atenção;Colisão lateral;Sem Vítimas;Plena noite;Decrescente;Ceu Claro;Dupla;Reta;Urbano;2;2
697213;2010-05-02;Domingo;16:40:00;SP;116;228.3;SAO PAULO;Outras;Saída de Pista;Com Vítimas Feridas;Pleno dia;Crescente;Ceu Claro;Múltipla;Curva;Urbano;1;1
697285;2010-05-04;Terça;14:30:00;SP;116;139.0;CACAPAVA;Outras;Colisão com objeto fixo;Sem Vítimas;Pleno dia;Crescente;Ceu Claro;Dupla;Reta;Urbano;1;1
697333;2010-05-04;Terça;14:50:00;SP;116;144.3;SAO JOSE DOS CAMPOS;Não guardar distância de segurança;Colisão traseira;Com Vítimas Feridas;Pleno dia;Crescente;Ceu Claro;Múltipla;Reta;Urbano;2;2
697358;2010-04-30;Sexta;18:45:00;SP;116;148.0;SAO JOSE DOS CAMPOS;Não guardar distância de segurança;Colisão traseira;Sem Vítimas;Plena noite;Decrescente;Ceu Claro;Dupla;Reta;Urbano;3;3
697382;2010-04-29;Quinta;16:00:00;SP;116;165.5;JACAREI;Falta de atenção;Colisão lateral;Sem Vítimas;Pleno dia;Decrescente;Nublado;Múltipla;Reta;Urbano;2;2
697399;2010-05-04;Terça;07:45:00;SP;116;224.0;GUARULHOS;Falta de atenção;Queda de motocicleta / bicicleta / veículo;Com Vítimas Feridas;Pleno dia;Crescente;Ceu Claro;Múltipla;Reta;Urbano;1;1
697447;2010-05-04;Terça;16:20:00;SP;116;224.0;GUARULHOS;Defeito mecânico em veículo;Colisão lateral;Sem Vítimas;Pleno dia;Decrescente;Ceu Claro;Múltipla;Reta;Urbano;3;3
697455;2010-04-28;Quarta;17:50:00;SP;116;165.0;JACAREI;Falta de atenção;Colisão traseira;Sem Vítimas;Anoitecer;Decrescente;Ceu Claro;Múltipla;Reta;Rural;3;3
697463;2010-05-04;Terça;18:25:00;SP;116;149.3;SAO JOSE DOS CAMPOS;Não guardar distância de segurança;Colisão traseira;Sem Vítimas;Plena noite;Crescente;Ceu Claro;Múltipla;Reta;Urbano;2;2
697508;2010-04-29;Quinta;19:50:00;SP;116;193.0;SANTA ISABEL;Outras;Colisão lateral;Sem Vítimas;Plena noite;Decrescente;Nublado;Dupla;Reta;Rural;2;2
697517;2010-05-04;Terça;08:15:00;SP;116;216.6;GUARULHOS;Não guardar distância de segurança;Colisão lateral;Com Vítimas Feridas;Pleno dia;Crescente;Sol;Múltipla;Reta;Urbano;2;2
697520;2010-05-04;Terça;08:45:00;SP;116;217.5;GUARULHOS;Outras;Queda de motocicleta / bicicleta / veículo;Com Vítimas Feridas;Pleno dia;Decrescente;Sol;Múltipla;Reta;Urbano;1;1
697524;2010-05-04;Terça;07:45:00;SP;116;216.8;GUARULHOS;Falta de atenção;Colisão traseira;Com Vítimas Feridas;Pleno dia;Crescente;Sol;Múltipla;Reta;Urbano;6;6
697566;2010-05-04;Terça;11:30:00;SP;116;125.5;CACAPAVA;Defeito mecânico em veículo;Colisão traseira;Sem Vítimas;Pleno dia;Decrescente;Sol;Dupla;Reta;Urbano;2;2
697641;2010-04-19;Segunda;16:00:00;SP;116;222.0;GUARULHOS;Outras;Colisão traseira;Com Vítimas Feridas;Pleno dia;Decrescente;Ceu Claro;Múltipla;Reta;Urbano;3;2
697663;2010-05-02;Domingo;05:40:00;SP;116;136.8;SAO JOSE DOS CAMPOS;Outras;Capotamento;Sem Vítimas;Amanhecer;Decrescente;Ceu Claro;Dupla;Reta;Rural;1;1
697668;2010-05-02;Domingo;05:15:00;SP;116;130.4;CACAPAVA;Ingestão de álcool;Colisão traseira;Com Vítimas Feridas;Plena noite;Decrescente;Ceu Claro;Dupla;Reta;Urbano;2;2
697716;2010-05-05;Quarta;05:20:00;SP;116;210.1;GUARULHOS;Falta de atenção;Colisão lateral;Sem Vítimas;Amanhecer;Crescente;Nublado;Dupla;Reta;Urbano;2;2
697774;2010-05-03;Segunda;07:50:00;SP;116;157.0;SAO JOSE DOS CAMPOS;Não guardar distância de segurança;Colisão traseira;Sem Vítimas;Pleno dia;Decrescente;Sol;Dupla;Reta;Urbano;3;3
697806;2010-05-05;Quarta;12:00:00;SP;116;147.5;SAO JOSE DOS CAMPOS;Não guardar distância de segurança;Colisão traseira;Sem Vítimas;Pleno dia;Crescente;Ceu Claro;Múltipla;Reta;Urbano;2;2
697813;2010-05-01;Sábado;00:45:00;SP;116;138.9;SAO JOSE DOS CAMPOS;Outras;Colisão traseira;Sem Vítimas;Plena noite;Crescente;Nublado;Dupla;Reta;Rural;2;2
697837;2010-05-04;Terça;06:00:00;SP;116;226.0;GUARULHOS;Falta de atenção;Colisão traseira;Sem Vítimas;Pleno dia;Crescente;Ceu Claro;Múltipla;Reta;Urbano;4;4
697857;2010-04-27;Terça;23:13:00;SP;116;140.0;SAO JOSE DOS CAMPOS;Outras;Colisão com objeto fixo;Sem Vítimas;Plena noite;Decrescente;Ceu Claro;Dupla;Reta;Urbano;3;3
697872;2010-05-04;Terça;17:20:00;SP;116;217.0;GUARULHOS;Falta de atenção;Colisão traseira;Sem Vítimas;Pleno dia;Decrescente;Nublado;Múltipla;Reta;Urbano;2;2
697956;2010-04-30;Sexta;19:20:00;SP;116;217.0;GUARULHOS;Outras;Colisão lateral;Com Vítimas Feridas;Plena noite;Crescente;Nublado;Múltipla;Reta;Urbano;2;2
697957;2010-04-29;Quinta;12:00:00;SP;116;223.5;GUARULHOS;Outras;Colisão lateral;Sem Vítimas;Pleno dia;Crescente;Ceu Claro;Múltipla;Reta;Urbano;2;2
697979;2010-05-04;Terça;08:20:00;SP;116;155.5;SAO JOSE DOS CAMPOS;Outras;Colisão traseira;Sem Vítimas;Pleno dia;Decrescente;Ceu Claro;Dupla;Reta;Rural;2;2
698045;2010-05-01;Sábado;04:00:00;SP;116;209.0;GUARULHOS;Outras;Colisão traseira;Sem Vítimas;Plena noite;Decrescente;Nublado;Múltipla;Reta;Urbano;2;2
698083;2010-05-05;Quarta;11:00:00;SP;116;186.0;SANTA ISABEL;Outras;Saída de Pista;Sem Vítimas;Pleno dia;Decrescente;Ceu Claro;Dupla;Reta;Urbano;1;1
698093;2010-05-02;Domingo;04:55:00;SP;116;130.4;CACAPAVA;Ingestão de álcool;Colisão com objeto fixo;Sem Vítimas;Amanhecer;Decrescente;Ceu Claro;Dupla;Reta;Urbano;2;2
698213;2010-05-05;Quarta;06:40:00;SP;116;217.0;GUARULHOS;Não guardar distância de segurança;Colisão lateral;Com Vítimas Feridas;Amanhecer;Crescente;Ceu Claro;Múltipla;Reta;Urbano;2;2
698240;2010-05-03;Segunda;13:15:00;SP;116;158.0;JACAREI;Não guardar distância de segurança;Colisão traseira;Sem Vítimas;Pleno dia;Crescente;Sol;Dupla;Reta;Urbano;2;2
698267;2010-05-03;Segunda;20:10:00;SP;116;154.0;SAO JOSE DOS CAMPOS;Falta de atenção;Colisão lateral;Sem Vítimas;Plena noite;Decrescente;Nublado;Dupla;Reta;Urbano;2;2
698293;2010-05-06;Quinta;11:20:00;SP;116;149.2;SAO JOSE DOS CAMPOS;Falta de atenção;Colisão traseira;Sem Vítimas;Pleno dia;Crescente;Sol;Dupla;Reta;Urbano;2;2
698302;2010-05-05;Quarta;00:30:00;SP;116;165.5;JACAREI;Outras;Colisão traseira;Sem Vítimas;Plena noite;Crescente;Ceu Claro;Dupla;Reta;Rural;2;2
698307;2010-04-30;Sexta;19:00:00;SP;116;145.7;SAO JOSE DOS CAMPOS;Falta de atenção;Colisão traseira;Sem Vítimas;Plena noite;Decrescente;Ceu Claro;Dupla;Reta;Urbano;4;4
698335;2010-05-06;Quinta;09:00:00;SP;116;107.6;TAUBATE;Outras;Colisão traseira;Sem Vítimas;Pleno dia;Decrescente;Ceu Claro;Dupla;Reta;Urbano;2;2
698385;2010-05-04;Terça;00:13:00;SP;116;104.4;TAUBATE;Outras;Colisão com objeto fixo;Sem Vítimas;Plena noite;Decrescente;Ceu Claro;Dupla;Reta;Rural;1;1
698413;2010-04-30;Sexta;00:30:00;SP;116;133.5;CACAPAVA;Ingestão de álcool;Colisão traseira;Sem Vítimas;Plena noite;Crescente;Ceu Claro;Dupla;Reta;Urbano;2;2
698447;2010-04-30;Sexta;18:20:00;SP;116;145.0;SAO JOSE DOS CAMPOS;Não guardar distância de segurança;Colisão traseira;Sem Vítimas;Plena noite;Decrescente;Ceu Claro;Dupla;Reta;Urbano;3;3
698482;2010-05-06;Quinta;16:35:00;SP;116;144.0;SAO JOSE DOS CAMPOS;Falta de atenção;Colisão lateral;Sem Vítimas;Pleno dia;Crescente;Ceu Claro;Dupla;Reta;Urbano;2;2
698689;2010-05-05;Quarta;21:40:00;SP;116;210.0;GUARULHOS;Outras;Colisão traseira;Sem Vítimas;Plena noite;Decrescente;Ceu Claro;Múltipla;Reta;Urbano;2;2
698721;2010-05-05;Quarta;20:00:00;SP;116;198.0;ARUJA;Outras;Atropelamento de pessoa;Com Vítimas Feridas;Plena noite;Crescente;Ceu Claro;Simples;Reta;Rural;2;1
698733;2010-04-23;Sexta;19:15:00;SP;116;221.0;GUARULHOS;Outras;Colisão lateral;Sem Vítimas;Plena noite;Decrescente;Ceu Claro;Simples;Reta;Urbano;2;2
698787;2010-05-04;Terça;08:20:00;SP;116;223.5;GUARULHOS;Falta de atenção;Colisão traseira;Com Vítimas Feridas;Amanhecer;Decrescente;Sol;Múltipla;Reta;Urbano;2;2
698821;2010-05-03;Segunda;08:30:00;SP;116;142.0;SAO JOSE DOS CAMPOS;Outras;Colisão traseira;Sem Vítimas;Pleno dia;Crescente;Sol;Dupla;Reta;Urbano;2;2
698860;2010-05-06;Quinta;11:10:00;SP;116;225.0;GUARULHOS;Não guardar distância de segurança;Colisão lateral;Com Vítimas Feridas;Pleno dia;Decrescente;Ceu Claro;Múltipla;Reta;Urbano;2;2
698916;2010-05-07;Sexta;15:10:00;SP;116;207.0;GUARULHOS;Falta de atenção;Colisão traseira;Sem Vítimas;Pleno dia;Crescente;Ceu Claro;Múltipla;Reta;Urbano;2;2
698930;2010-05-07;Sexta;15:10:00;SP;116;207.0;ARUJA;Falta de atenção;Colisão traseira;Com Vítimas Feridas;Pleno dia;Crescente;Ceu Claro;Múltipla;Reta;Urbano;2;2
698949;2010-05-07;Sexta;06:35:00;SP;116;226.0;GUARULHOS;Outras;Colisão lateral;Sem Vítimas;Pleno dia;Crescente;Sol;Múltipla;Reta;Urbano;2;2
699008;2010-05-07;Sexta;08:30:00;SP;116;225.0;GUARULHOS;Outras;Colisão traseira;Sem Vítimas;Pleno dia;Decrescente;Ceu Claro;Múltipla;Reta;Urbano;2;2
699039;2010-05-07;Sexta;16:28:00;SP;116;226.0;GUARULHOS;Falta de atenção;Colisão lateral;Com Vítimas Feridas;Pleno dia;Decrescente;Ceu Claro;Múltipla;Reta;Urbano;3;3
699110;2010-05-07;Sexta;11:00:00;SP;116;223.0;GUARULHOS;Outras;Colisão traseira;Sem Vítimas;Pleno dia;Decrescente;Ceu Claro;Múltipla;Reta;Urbano;3;3
699239;2010-05-06;Quinta;13:00:00;SP;116;204.0;ARUJA;Outras;Colisão traseira;Com Vítimas Feridas;Pleno dia;Crescente;Sol;Múltipla;Reta;Urbano;2;2
699254;2010-05-05;Quarta;01:45:00;SP;116;114.0;TAUBATE;Falta de atenção;Colisão traseira;Sem Vítimas;Plena noite;Decrescente;Ceu Claro;Dupla;Reta;Urbano;2;2
699312;2010-05-05;Quarta;15:40:00;SP;116;217.5;GUARULHOS;Outras;Danos Eventuais;Sem Vítimas;Pleno dia;Crescente;Ceu Claro;Múltipla;Reta;Rural;2;2
699335;2010-05-04;Terça;07:00:00;SP;116;182.0;SANTA ISABEL;Não guardar distância de segurança;Colisão traseira;Sem Vítimas;Plena noite;Decrescente;Ceu Claro;Dupla;Reta;Rural;2;2
699345;2010-05-07;Sexta;16:05:00;SP;116;145.0;SAO JOSE DOS CAMPOS;Defeito mecânico em veículo;Colisão com objeto fixo;Com Vítimas Feridas;Pleno dia;Crescente;Ceu Claro;Dupla;Reta;Urbano;2;1
699352;2010-05-02;Domingo;15:20:00;SP;116;100.5;PINDAMONHANGABA;Falta de atenção;Colisão traseira;Sem Vítimas;Pleno dia;Crescente;Ceu Claro;Dupla;Reta;Rural;4;4
699363;2010-05-08;Sábado;06:50:00;SP;116;158.8;JACAREI;Outras;Tombamento;Sem Vítimas;Pleno dia;Crescente;Ceu Claro;Dupla;Curva;Urbano;1;1
699372;2010-05-08;Sábado;09:50:00;SP;116;228.5;GUARULHOS;Não guardar distância de segurança;Colisão traseira;Sem Vítimas;Pleno dia;Decrescente;Nublado;Múltipla;Reta;Urbano;2;2
699380;2010-05-07;Sexta;20:45:00;SP;116;165.0;JACAREI;Falta de atenção;Colisão lateral;Sem Vítimas;Plena noite;Crescente;Ceu Claro;Dupla;Reta;Urbano;2;2
699391;2010-05-08;Sábado;12:15:00;SP;116;227.0;GUARULHOS;Falta de atenção;Colisão lateral;Com Vítimas Feridas;Pleno dia;Crescente;Chuva;Múltipla;Curva;Urbano;2;2
699511;2010-05-08;Sábado;07:45:00;SP;116;216.8;GUARULHOS;Falta de atenção;Colisão traseira;Sem Vítimas;Pleno dia;Crescente;Sol;Múltipla;Reta;Urbano;2;2
699568;2010-05-08;Sábado;14:40:00;SP;116;213.5;GUARULHOS;Outras;Colisão com objeto fixo;Sem Vítimas;Pleno dia;Crescente;Nublado;Múltipla;Reta;Urbano;1;1
699648;2010-05-08;Sábado;21:00:00;SP;116;204.0;ARUJA;Falta de atenção;Colisão traseira;Sem Vítimas;Plena noite;Crescente;Chuva;Múltipla;Reta;Urbano;2;2
699788;2010-05-08;Sábado;16:45:00;SP;116;182.0;SANTA ISABEL;Outras;Colisão traseira;Com Vítimas Feridas;Pleno dia;Crescente;Nublado;Múltipla;Reta;Rural;3;2
699816;2010-04-28;Quarta;13:00:00;SP;116;220.0;GUARULHOS;Falta de atenção;Colisão traseira;Sem Vítimas;Pleno dia;Decrescente;Sol;Múltipla;Reta;Urbano;2;2
699850;2010-05-08;Sábado;09:00:00;SP;116;214.3;GUARULHOS;Falta de atenção;Colisão traseira;Sem Vítimas;Pleno dia;Crescente;Ceu Claro;Múltipla;Reta;Urbano;3;3
699855;2010-05-08;Sábado;10:30:00;SP;116;214.7;GUARULHOS;Falta de atenção;Colisão traseira;Sem Vítimas;Pleno dia;Crescente;Ceu Claro;Múltipla;Reta;Urbano;2;2
699864;2010-05-07;Sexta;17:47:00;SP;116;108.0;TAUBATE;Falta de atenção;Colisão traseira;Sem Vítimas;Anoitecer;Decrescente;Ceu Claro;Dupla;Reta;Urbano;2;2
699866;2010-05-06;Quinta;05:20:00;SP;116;118.0;TAUBATE;Outras;Tombamento;Com Vítimas Feridas;Amanhecer;Decrescente;Nevoeiro/neblina;Dupla;Reta;Urbano;1;1
699871;2010-05-06;Quinta;14:13:00;SP;116;225.8;GUARULHOS;Não guardar distância de segurança;Colisão traseira;Sem Vítimas;Pleno dia;Crescente;Ceu Claro;Múltipla;Reta;Urbano;2;2
699886;2010-05-07;Sexta;18:40:00;SP;116;112.8;TAUBATE;Falta de atenção;Colisão traseira;Sem Vítimas;Plena noite;Decrescente;Ceu Claro;Dupla;Reta;Urbano;2;2
700041;2010-05-07;Sexta;18:15:00;SP;116;133.3;CACAPAVA;Outras;Colisão traseira;Sem Vítimas;Anoitecer;Decrescente;Ceu Claro;Dupla;Reta;Urbano;3;3
700076;2010-05-09;Domingo;17:40:00;SP;116;124.9;CACAPAVA;Outras;Colisão traseira;Sem Vítimas;Anoitecer;Crescente;Ceu Claro;Dupla;Reta;Rural;3;3
700108;2010-05-07;Sexta;18:45:00;SP;116;139.0;SAO JOSE DOS CAMPOS;Outras;Colisão traseira;Sem Vítimas;Plena noite;Decrescente;Ceu Claro;Dupla;Reta;Urbano;2;2
700146;2010-05-07;Sexta;19:05:00;SP;116;138.0;SAO JOSE DOS CAMPOS;Outras;Colisão traseira;Sem Vítimas;Plena noite;Decrescente;Ceu Claro;Dupla;Reta;Urbano;2;2
700149;2010-05-05;Quarta;23:17:00;SP;116;129.0;CACAPAVA;Outras;Colisão traseira;Sem Vítimas;Plena noite;Decrescente;Ceu Claro;Dupla;Reta;Urbano;2;2
700205;2010-05-07;Sexta;18:10:00;SP;116;133.4;CACAPAVA;Outras;Colisão lateral;Com Vítimas Feridas;Anoitecer;Decrescente;Ceu Claro;Dupla;Reta;Urbano;4;3
700274;2010-05-09;Domingo;21:40:00;SP;116;112.0;TAUBATE;Outras;Colisão traseira;Sem Vítimas;Plena noite;Decrescente;Nublado;Dupla;Reta;Urbano;8;8
700347;2010-04-19;Segunda;09:40:00;SP;116;219.0;GUARULHOS;Outras;Colisão lateral;Com Vítimas Feridas;Pleno dia;Crescente;Ceu Claro;Múltipla;Reta;Urbano;2;2
700388;2010-05-07;Sexta;06:45:00;SP;116;119.0;TAUBATE;Outras;Colisão traseira;Sem Vítimas;Amanhecer;Decrescente;Ceu Claro;Dupla;Reta;Urbano;2;2
700391;2010-05-06;Quinta;18:50:00;SP;116;126.0;CACAPAVA;Falta de atenção;Colisão lateral;Sem Vítimas;Plena noite;Crescente;Nublado;Dupla;Reta;Urbano;2;2
700481;2010-05-08;Sábado;00:40:00;SP;116;173.0;GUARAREMA;Falta de atenção;Derramamento de Carga;Sem Vítimas;Plena noite;Crescente;Nevoeiro/neblina;Dupla;Reta;Rural;1;1
700493;2010-05-10;Segunda;10:05:00;SP;116;199.0;ARUJA;Outras;Colisão lateral;Sem Vítimas;Pleno dia;Crescente;Nublado;Dupla;Reta;Urbano;2;2
700500;2010-05-08;Sábado;10:45:00;SP;116;214.8;GUARULHOS;Falta de atenção;Colisão traseira;Sem Vítimas;Pleno dia;Crescente;Sol;Múltipla;Reta;Urbano;2;2
700513;2010-05-08;Sábado;12:00:00;SP;116;217.0;GUARULHOS;Desobediência à sinalização;Colisão lateral;Com Vítimas Feridas;Pleno dia;Crescente;Ceu Claro;Múltipla;Reta;Urbano;3;2
700517;2010-05-08;Sábado;15:30:00;SP;116;218.8;GUARULHOS;Falta de atenção;Tombamento;Com Vítimas Feridas;Pleno dia;Decrescente;Sol;Dupla;Curva;Urbano;1;1
700556;2010-05-05;Quarta;16:15:00;SP;116;227.9;SAO PAULO;Ingestão de álcool;Colisão traseira;Sem Vítimas;Pleno dia;Decrescente;Ceu Claro;Múltipla;Reta;Urbano;3;3
700561;2010-05-08;Sábado;20:00:00;SP;116;225.8;GUARULHOS;Não guardar distância de segurança;Colisão traseira;Com Vítimas Feridas;Plena noite;Decrescente;Chuva;Dupla;Reta;Urbano;5;3
700615;2010-05-09;Domingo;20:00:00;SP;116;220.0;GUARULHOS;Outras;Colisão traseira;Sem Vítimas;Plena noite;Decrescente;Chuva;Múltipla;Reta;Urbano;2;2
700631;2010-05-04;Terça;13:40:00;SP;116;174.0;JACAREI;Outras;Queda de motocicleta / bicicleta / veículo;Com Vítimas Feridas;Pleno dia;Crescente;Ceu Claro;Dupla;Reta;Rural;2;2
700645;2010-05-07;Sexta;03:50:00;SP;116;169.0;JACAREI;Velocidade incompatível;Colisão traseira;Com Vítimas Feridas;Amanhecer;Decrescente;Nevoeiro/neblina;Dupla;Curva;Rural;2;2
700658;2010-05-05;Quarta;06:30:00;SP;116;129.0;CACAPAVA;Outras;Colisão traseira;Com Vítimas Feridas;Amanhecer;Crescente;Ceu Claro;Dupla;Reta;Urbano;2;2
700666;2010-05-04;Terça;17:00:00;SP;116;189.3;SANTA ISABEL;Outras;Colisão traseira;Sem Vítimas;Pleno dia;Crescente;Ceu Claro;Dupla;Reta;Rural;2;2
700683;2010-05-08;Sábado;20:40:00;SP;116;144.0;SAO JOSE DOS CAMPOS;Outras;Colisão traseira;Sem Vítimas;Plena noite;Crescente;Chuva;Múltipla;Reta;Urbano;3;3
700698;2010-05-06;Quinta;12:30:00;SP;116;182.0;SANTA ISABEL;Defeito mecânico em veículo;Colisão traseira;Sem Vítimas;Pleno dia;Decrescente;Ceu Claro;Múltipla;Reta;Rural;4;4
700704;2010-05-08;Sábado;19:00:00;SP;116;223.6;GUARULHOS;Outras;Colisão traseira;Sem Vítimas;Anoitecer;Decrescente;Chuva;Múltipla;Reta;Urbano;2;2
700716;2010-05-10;Segunda;08:17:00;SP;116;101.0;PINDAMONHANGABA;Outras;Colisão traseira;Sem Vítimas;Amanhecer;Crescente;Nublado;Dupla;Reta;Rural;3;3
700745;2010-05-07;Sexta;15:00:00;SP;116;107.6;TAUBATE;Outras;Colisão traseira;Sem Vítimas;Pleno dia;Decrescente;Sol;Dupla;Reta;Urbano;2;2
700785;2010-05-09;Domingo;13:10:00;SP;116;219.0;GUARULHOS;Outras;Colisão traseira;Sem Vítimas;Pleno dia;Crescente;Nublado;Múltipla;Reta;Urbano;4;4
700796;2010-05-07;Sexta;18:45:00;SP;116;139.0;SAO JOSE DOS CAMPOS;Outras;Colisão traseira;Sem Vítimas;Plena noite;Decrescente;Ceu Claro;Dupla;Reta;Urbano;5;5
700804;2010-05-09;Domingo;16:35:00;SP;116;144.0;SAO JOSE DOS CAMPOS;Outras;Colisão traseira;Sem Vítimas;Pleno dia;Crescente;Ceu Claro;Simples;Reta;Urbano;2;2
700823;2010-05-09;Domingo;17:00:00;SP;116;145.0;SAO JOSE DOS CAMPOS;Outras;Colisão traseira;Sem Vítimas;Pleno dia;Crescente;Ceu Claro;Dupla;Reta;Urbano;2;2
700855;2010-05-09;Domingo;18:31:00;SP;116;149.0;SAO JOSE DOS CAMPOS;Outras;Colisão traseira;Com Vítimas Feridas;Pleno dia;Crescente;Ceu Claro;Múltipla;Reta;Urbano;4;3
700884;2010-05-07;Sexta;18:20:00;SP;116;165.0;JACAREI;Falta de atenção;Colisão traseira;Sem Vítimas;Plena noite;Decrescente;Nublado;Dupla;Reta;Rural;2;2
700958;2010-05-08;Sábado;20:43:00;SP;116;144.5;SAO JOSE DOS CAMPOS;Outras;Colisão traseira;Sem Vítimas;Plena noite;Crescente;Chuva;Múltipla;Reta;Urbano;3;3