id;data_inversa;dia_semana;horario;uf;br;km;municipio;causa_acidente;tipo_acidente;classificacao_acidente;fase_dia;sentido_via;condicao_metereologica;tipo_pista;tracado_via;uso_solo;pessoas;veiculos
706303;2010-05-17;Segunda;23:30:00;SP;116;223.5;GUARULHOS;Outras;Colisão traseira;Com Vítimas Feridas;Plena noite;Decrescente;Nublado;Múltipla;Reta;Urbano;2;2
706316;2010-05-20;Quinta;07:30:00;SP;116;146.0;SAO JOSE DOS CAMPOS;Falta de atenção;Colisão traseira;Sem Vítimas;Pleno dia;Crescente;Ceu Claro;Dupla;Reta;Urbano;2;2
706341;2010-05-21;Sexta;06:50:00;SP;116;222.0;GUARULHOS;Não guardar distância de segurança;Colisão lateral;Com Vítimas Feridas;Amanhecer;Crescente;Nublado;Múltipla;Reta;Urbano;3;3
706347;2010-05-20;Quinta;00:30:00;SP;116;155.0;SAO JOSE DOS CAMPOS;Outras;Colisão com objeto fixo;Sem Vítimas;Plena noite;Crescente;Ceu Claro;Dupla;Reta;Urbano;1;1
706392;2010-05-18;Terça;11:50:00;SP;116;225.5;GUARULHOS;Outras;Colisão traseira;Sem Vítimas;Pleno dia;Crescente;Ceu Claro;Múltipla;Reta;Urbano;2;2
706429;2010-05-19;Quarta;09:10:00;SP;116;153.5;SAO JOSE DOS CAMPOS;Outras;Derramamento de Carga;Sem Vítimas;Pleno dia;Crescente;Nublado;Dupla;Reta;Urbano;1;1
706447;2010-05-19;Quarta;18:20:00;SP;116;148.0;SAO JOSE DOS CAMPOS;Não guardar distância de segurança;Colisão traseira;Sem Vítimas;Plena noite;Decrescente;Nublado;Dupla;Reta;Urbano;2;2
706454;2010-05-17;Segunda;18:30:00;SP;116;128.0;CACAPAVA;Outras;Colisão frontal;Com Vítimas Feridas;Anoitecer;Decrescente;Ceu Claro;Simples;Cruzamento;Urbano;2;2
706655;2010-05-22;Sábado;08:00:00;SP;116;198.9;ARUJA;Outras;Colisão lateral;Sem Vítimas;Pleno dia;Crescente;Sol;Dupla;Reta;Urbano;3;3
706662;2010-05-19;Quarta;18:25:00;SP;116;148.0;SAO JOSE DOS CAMPOS;Não guardar distância de segurança;Colisão traseira;Sem Vítimas;Plena noite;Decrescente;Nublado;Dupla;Reta;Urbano;2;2
706663;2010-05-20;Quinta;16:00:00;SP;116;213.9;GUARULHOS;Outras;Colisão com objeto fixo;Com Vítimas Feridas;Pleno dia;Decrescente;Sol;Múltipla;Reta;Urbano;2;1
706667;2010-05-20;Quinta;22:00:00;SP;116;219.0;GUARULHOS;Não guardar distância de segurança;Colisão traseira;Sem Vítimas;Plena noite;Decrescente;Ceu Claro;Múltipla;Reta;Urbano;4;4
706681;2010-05-20;Quinta;07:00:00;SP;116;158.0;SAO JOSE DOS CAMPOS;Não guardar distância de segurança;Colisão traseira;Sem Vítimas;Pleno dia;Decrescente;Sol;Dupla;Reta;Urbano;3;3
706687;2010-05-19;Quarta;07:15:00;SP;116;213.0;GUARULHOS;Não guardar distância de segurança;Colisão traseira;Sem Vítimas;Amanhecer;Decrescente;Chuva;Múltipla;Reta;Urbano;2;2
706691;2010-05-20;Quinta;20:20:00;SP;116;182.0;SANTA ISABEL;Defeito mecânico em veículo;Colisão traseira;Sem Vítimas;Plena noite;Decrescente;Nublado;Múltipla;Reta;Rural;2;2
706737;2010-05-21;Sexta;07:10:00;SP;116;139.8;SAO JOSE DOS CAMPOS;Falta de atenção;Colisão traseira;Com Vítimas Feridas;Amanhecer;Decrescente;Nublado;Dupla;Reta;Urbano;6;5
706772;2010-05-13;Quinta;21:30:00;SP;116;147.0;SAO JOSE DOS CAMPOS;Não guardar distância de segurança;Colisão traseira;Sem Vítimas;Plena noite;Decrescente;Ceu Claro;Dupla;Reta;Urbano;2;2
706792;2010-05-14;Sexta;06:30:00;SP;116;169.0;JACAREI;Falta de atenção;Colisão traseira;Sem Vítimas;Amanhecer;Crescente;Ceu Claro;Dupla;Reta;Rural;2;2
706879;2010-05-22;Sábado;16:10:00;SP;116;121.9;CACAPAVA;Falta de atenção;Colisão traseira;Sem Vítimas;Pleno dia;Crescente;Ceu Claro;Dupla;Reta;Urbano;2;2
706913;2010-05-14;Sexta;08:00:00;SP;116;205.0;GUARULHOS;Outras;Incêndio;Sem Vítimas;Amanhecer;Decrescente;Nublado;Múltipla;Reta;Urbano;1;1
706930;2010-05-22;Sábado;11:00:00;SP;116;222.0;GUARULHOS;Outras;Colisão lateral;Sem Vítimas;Pleno dia;Crescente;Sol;Múltipla;Reta;Urbano;2;2
706947;2010-05-22;Sábado;15:20:00;SP;116;222.0;GUARULHOS;Outras;Colisão lateral;Sem Vítimas;Pleno dia;Decrescente;Sol;Múltipla;Reta;Urbano;2;2
707001;2010-05-22;Sábado;20:50:00;SP;116;114.0;TAUBATE;Velocidade incompatível;Colisão com objeto fixo;Com Vítimas Feridas;Plena noite;Crescente;Ceu Claro;Dupla;Reta;Urbano;2;1
707166;2010-05-19;Quarta;09:30:00;SP;116;113.0;TAUBATE;Outras;Colisão traseira;Sem Vítimas;Pleno dia;Decrescente;Sol;Simples;Reta;Urbano;2;2
707252;2010-05-20;Quinta;05:30:00;SP;116;196.8;ARUJA;Falta de atenção;Colisão com objeto fixo;Ignorado;Pleno dia;Crescente;Nublado;Dupla;Reta;Urbano;1;1
707263;2010-05-19;Quarta;12:15:00;SP;116;140.0;SAO JOSE DOS CAMPOS;Outras;Colisão com objeto fixo;Sem Vítimas;Pleno dia;Decrescente;Sol;Dupla;Reta;Urbano;1;1
707342;2010-05-16;Domingo;07:00:00;SP;116;193.6;SANTA ISABEL;Outras;Colisão traseira;Sem Vítimas;Pleno dia;Decrescente;Nevoeiro/neblina;Dupla;Reta;Rural;2;2
707418;2010-05-17;Segunda;14:30:00;SP;116;210.0;GUARULHOS;Falta de atenção;Colisão Transversal;Com Vítimas Feridas;Pleno dia;Crescente;Nublado;Múltipla;Cruzamento;Rural;2;2
707422;2010-05-21;Sexta;07:00:00;SP;116;211.0;GUARULHOS;Outras;Colisão lateral;Com Vítimas Feridas;Amanhecer;Decrescente;Ceu Claro;Múltipla;Reta;Urbano;2;2
707432;2010-05-21;Sexta;18:30:00;SP;116;212.0;GUARULHOS;Falta de atenção;Colisão traseira;Sem Vítimas;Anoitecer;Crescente;Ceu Claro;Múltipla;Reta;Urbano;2;2
707445;2010-05-17;Segunda;19:50:00;SP;116;212.0;GUARULHOS;Outras;Colisão lateral;Sem Vítimas;Plena noite;Crescente;Ceu Claro;Múltipla;Reta;Urbano;2;2
707479;2010-05-21;Sexta;13:10:00;SP;116;196.0;ARUJA;Outras;Capotamento;Sem Vítimas;Pleno dia;Decrescente;Nublado;Múltipla;Reta;Rural;1;1
707495;2010-05-14;Sexta;20:30:00;SP;116;226.8;GUARULHOS;Ultrapassagem indevida;Colisão lateral;Com Vítimas Feridas;Plena noite;Decrescente;Ceu Claro;Múltipla;Reta;Urbano;2;2
707503;2010-05-22;Sábado;03:50:00;SP;116;210.0;GUARULHOS;Outras;Capotamento;Com Vítimas Feridas;Plena noite;Crescente;Nublado;Múltipla;Reta;Rural;1;1
707521;2010-05-23;Domingo;20:50:00;SP;116;195.4;ARUJA;Outras;Queda de motocicleta / bicicleta / veículo;Com Vítimas Feridas;Plena noite;Decrescente;Nublado;Dupla;Reta;Urbano;1;1
707640;2010-05-14;Sexta;06:40:00;SP;116;214.5;GUARULHOS;Outras;Atropelamento de pessoa;Com Vítimas Fatais;Amanhecer;Crescente;Chuva;Múltipla;Reta;Urbano;2;1
707680;2010-05-22;Sábado;21:20:00;SP;116;215.0;GUARULHOS;Falta de atenção;Colisão traseira;Com Vítimas Feridas;Plena noite;Crescente;Ceu Claro;Múltipla;Reta;Urbano;3;2
707736;2010-05-19;Quarta;14:00:00;SP;116;169.0;JACAREI;Não guardar distância de segurança;Colisão traseira;Sem Vítimas;Pleno dia;Crescente;Nublado;Dupla;Reta;Urbano;3;3
707768;2010-05-21;Sexta;14:30:00;SP;116;226.0;GUARULHOS;Não guardar distância de segurança;Colisão lateral;Sem Vítimas;Pleno dia;Crescente;Ceu Claro;Múltipla;Reta;Urbano;2;2
707772;2010-05-24;Segunda;20:10:00;SP;116;206.1;GUARULHOS;Outras;Colisão frontal;Com Vítimas Feridas;Plena noite;Decrescente;Nublado;Dupla;Reta;Urbano;3;2
707781;2010-05-21;Sexta;19:15:00;SP;116;141.9;SAO JOSE DOS CAMPOS;Outras;Colisão lateral;Sem Vítimas;Plena noite;Crescente;Nublado;Dupla;Reta;Urbano;3;3
707783;2010-05-25;Terça;07:50:00;SP;116;110.5;TAUBATE;Outras;Colisão traseira;Sem Vítimas;Pleno dia;Decrescente;Ceu Claro;Dupla;Reta;Urbano;2;2
707789;2010-05-18;Terça;07:15:00;SP;116;219.0;GUARULHOS;Falta de atenção;Colisão traseira;Sem Vítimas;Pleno dia;Decrescente;Ceu Claro;Múltipla;Reta;Urbano;4;4
707798;2010-05-22;Sábado;16:00:00;SP;116;216.8;GUARULHOS;Falta de atenção;Colisão lateral;Sem Vítimas;Pleno dia;Crescente;Nublado;Simples;Reta;Urbano;2;2
707821;2010-05-21;Sexta;15:30:00;SP;116;223.0;GUARULHOS;Não guardar distância de segurança;Colisão com objeto fixo;Sem Vítimas;Pleno dia;Crescente;Nevoeiro/neblina;Múltipla;Reta;Urbano;4;4
707830;2010-05-20;Quinta;17:30:00;SP;116;219.0;GUARULHOS;Outras;Colisão traseira;Sem Vítimas;Pleno dia;Crescente;Sol;Múltipla;Reta;Urbano;2;2
707853;2010-05-19;Quarta;20:50:00;SP;116;177.0;GUARAREMA;Outras;Colisão com objeto móvel;Sem Vítimas;Plena noite;Crescente;Nublado;Dupla;Reta;Rural;3;3
707875;2010-05-19;Quarta;00:01:00;SP;116;228.0;SAO PAULO;Dormindo;Colisão traseira;Com Vítimas Feridas;Plena noite;Decrescente;Ceu Claro;Múltipla;Reta;Urbano;2;2
707912;2010-05-21;Sexta;18:50:00;SP;116;116.4;TAUBATE;Outras;Colisão lateral;Com Vítimas Feridas;Anoitecer;Decrescente;Ceu Claro;Dupla;Reta;Urbano;4;3
707921;2010-05-21;Sexta;20:00:00;SP;116;124.0;CACAPAVA;Outras;Colisão traseira;Sem Vítimas;Plena noite;Crescente;Ceu Claro;Dupla;Reta;Rural;2;2
707922;2010-05-24;Segunda;02:00:00;SP;116;169.6;JACAREI;Outras;Derramamento de Carga;Sem Vítimas;Plena noite;Crescente;Nevoeiro/neblina;Dupla;Reta;Urbano;1;1
708016;2010-05-14;Sexta;18:33:00;SP;116;170.0;JACAREI;Outras;Saída de Pista;Sem Vítimas;Plena noite;Decrescente;Ceu Claro;Dupla;Reta;Rural;1;1
708027;2010-05-15;Sábado;06:00:00;SP;116;207.0;GUARULHOS;Outras;Colisão traseira;Com Vítimas Feridas;Pleno dia;Crescente;Ceu Claro;Dupla;Reta;Urbano;3;2
708053;2010-05-13;Quinta;01:50:00;SP;116;152.0;SAO JOSE DOS CAMPOS;Dormindo;Colisão traseira;Sem Vítimas;Plena noite;Crescente;Ceu Claro;Dupla;Reta;Urbano;2;2
708067;2010-05-19;Quarta;06:30:00;SP;116;214.0;GUARULHOS;Falta de atenção;Colisão traseira;Sem Vítimas;Amanhecer;Crescente;Chuva;Múltipla;Reta;Urbano;3;3
708097;2010-05-22;Sábado;18:55:00;SP;116;216.0;GUARULHOS;Outras;Atropelamento de pessoa;Com Vítimas Feridas;Plena noite;Decrescente;Ceu Claro;Múltipla;Reta;Urbano;2;1
708107;2010-05-21;Sexta;00:50:00;SP;116;204.4;ARUJA;Não guardar distância de segurança;Colisão traseira;Sem Vítimas;Plena noite;Crescente;Ceu Claro;Múltipla;Reta;Urbano;2;2
708108;2010-05-17;Segunda;00:15:00;SP;116;157.5;JACAREI;Animais na Pista;Atropelamento de animal;Sem Vítimas;Plena noite;Decrescente;Ceu Claro;Dupla;Reta;Urbano;1;1
708113;2010-05-25;Terça;14:00:00;SP;116;226.0;GUARULHOS;Outras;Colisão lateral;Com Vítimas Feridas;Pleno dia;Crescente;Sol;Múltipla;Reta;Urbano;3;3
708129;2010-05-21;Sexta;18:40:00;SP;116;116.0;TAUBATE;Outras;Colisão traseira;Sem Vítimas;Anoitecer;Decrescente;Ceu Claro;Dupla;Reta;Rural;5;5
708131;2010-05-20;Quinta;11:00:00;SP;116;194.9;SAO JOSE DOS CAMPOS;Outras;Colisão lateral;Sem Vítimas;Plena noite;Crescente;Ceu Claro;Dupla;Reta;Rural;3;3
708209;2010-05-21;Sexta;11:00:00;SP;116;165.0;JACAREI;Outras;Colisão traseira;Sem Vítimas;Pleno dia;Decrescente;Ceu Claro;Múltipla;Reta;Rural;2;2
708218;2010-05-22;Sábado;20:30:00;SP;116;212.0;GUARULHOS;Outras;Colisão traseira;Sem Vítimas;Plena noite;Decrescente;Nublado;Múltipla;Reta;Urbano;3;3
708259;2010-05-21;Sexta;08:40:00;SP;116;144.0;SAO JOSE DOS CAMPOS;Não guardar distância de segurança;Colisão traseira;Sem Vítimas;Pleno dia;Decrescente;Ceu Claro;Dupla;Reta;Rural;5;5
708309;2010-05-25;Terça;21:30:00;SP;116;169.0;JACAREI;Falta de atenção;Colisão lateral;Sem Vítimas;Plena noite;Crescente;Ceu Claro;Dupla;Reta;Rural;2;2
708338;2010-05-21;Sexta;13:00:00;SP;116;165.0;JACAREI;Defeito na via;Colisão traseira;Sem Vítimas;Pleno dia;Decrescente;Ceu Claro;Dupla;Reta;Rural;2;2
708343;2010-05-25;Terça;20:22:00;SP;116;156.0;SAO JOSE DOS CAMPOS;Outras;Colisão traseira;Sem Vítimas;Plena noite;Decrescente;Ceu Claro;Dupla;Reta;Urbano;2;2
708429;2010-05-14;Sexta;17:00:00;SP;116;185.0;SANTA ISABEL;Outras;Colisão com objeto fixo;Sem Vítimas;Pleno dia;Decrescente;Ceu Claro;Dupla;Reta;Rural;1;1
708466;2010-05-26;Quarta;07:45:00;SP;116;142.0;SAO JOSE DOS CAMPOS;Ultrapassagem indevida;Colisão traseira;Com Vítimas Feridas;Pleno dia;Crescente;Ceu Claro;Dupla;Reta;Urbano;2;2
708482;2010-05-17;Segunda;18:30:00;SP;116;222.2;GUARULHOS;Outras;Colisão traseira;Sem Vítimas;Pleno dia;Crescente;Ceu Claro;Múltipla;Reta;Urbano;2;2
708499;2010-05-23;Domingo;16:00:00;SP;116;166.0;JACAREI;Outras;Capotamento;Sem Vítimas;Pleno dia;Decrescente;Ceu Claro;Dupla;Reta;Urbano;1;1
708501;2010-05-24;Segunda;23:30:00;SP;116;224.0;GUARULHOS;Outras;Capotamento;Sem Vítimas;Plena noite;Decrescente;Ceu Claro;Múltipla;Reta;Urbano;1;1
708515;2010-05-20;Quinta;11:20:00;SP;116;147.5;SAO JOSE DOS CAMPOS;Ultrapassagem indevida;Colisão lateral;Sem Vítimas;Pleno dia;Crescente;Nublado;Dupla;Reta;Urbano;2;2
708530;2010-05-23;Domingo;16:11:00;SP;116;132.6;CACAPAVA;Outras;Colisão traseira;Com Vítimas Feridas;Pleno dia;Decrescente;Ceu Claro;Dupla;Reta;Urbano;3;2
708573;2010-05-26;Quarta;09:15:00;SP;116;114.0;TAUBATE;Outras;Queda de motocicleta / bicicleta / veículo;Com Vítimas Feridas;Pleno dia;Decrescente;Ceu Claro;Dupla;Reta;Urbano;1;1
708613;2010-05-19;Quarta;19:00:00;SP;116;141.2;SAO JOSE DOS CAMPOS;Outras;Colisão traseira;Sem Vítimas;Plena noite;Crescente;Ceu Claro;Dupla;Reta;Urbano;2;2
708632;2010-05-24;Segunda;14:40:00;SP;116;229.0;SAO PAULO;Outras;Capotamento;Sem Vítimas;Pleno dia;Crescente;Ceu Claro;Múltipla;Reta;Urbano;2;2
708649;2010-05-21;Sexta;18:30:00;SP;116;215.0;GUARULHOS;Não guardar distância de segurança;Colisão traseira;Sem Vítimas;Anoitecer;Crescente;Nublado;Múltipla;Reta;Urbano;2;2
708652;2010-05-23;Domingo;16:20:00;SP;116;139.1;SAO JOSE DOS CAMPOS;Não guardar distância de segurança;Colisão traseira;Sem Vítimas;Pleno dia;Crescente;Sol;Dupla;Reta;Urbano;2;2
708657;2010-05-25;Terça;01:30:00;SP;116;225.0;GUARULHOS;Dormindo;Colisão traseira;Com Vítimas Feridas;Plena noite;Crescente;Ceu Claro;Dupla;Reta;Urbano;2;2
708669;2010-05-23;Domingo;16:30:00;SP;116;139.6;SAO JOSE DOS CAMPOS;Não guardar distância de segurança;Colisão traseira;Sem Vítimas;Pleno dia;Crescente;Sol;Dupla;Reta;Urbano;2;2
708681;2010-05-25;Terça;07:45:00;SP;116;219.0;GUARULHOS;Outras;Colisão lateral;Sem Vítimas;Pleno dia;Crescente;Nublado;Múltipla;Reta;Urbano;3;3
708710;2010-05-25;Terça;20:00:00;SP;116;221.0;GUARULHOS;Outras;Atropelamento de pessoa;Com Vítimas Feridas;Plena noite;Crescente;Nublado;Múltipla;Reta;Urbano;2;1
708774;2010-05-21;Sexta;08:00:00;SP;116;146.8;SAO JOSE DOS CAMPOS;Não guardar distância de segurança;Colisão traseira;Com Vítimas Feridas;Pleno dia;Crescente;Ceu Claro;Dupla;Reta;Urbano;2;2
708793;2010-05-23;Domingo;17:00:00;SP;116;134.5;SAO JOSE DOS CAMPOS;Não guardar distância de segurança;Colisão traseira;Sem Vítimas;Pleno dia;Crescente;Sol;Dupla;Reta;Urbano;2;2
708799;2010-05-26;Quarta;08:30:00;SP;116;109.1;TAUBATE;Outras;Colisão traseira;Sem Vítimas;Pleno dia;Crescente;Sol;Dupla;Reta;Urbano;3;3
708821;2010-05-23;Domingo;18:00:00;SP;116;143.0;SAO JOSE DOS CAMPOS;Não guardar distância de segurança;Colisão traseira;Sem Vítimas;Anoitecer;Decrescente;Ceu Claro;Dupla;Reta;Urbano;2;2
708822;2010-05-26;Quarta;20:00:00;SP;116;165.0;JACAREI;Outras;Colisão com objeto fixo;Sem Vítimas;Pleno dia;Crescente;Nublado;Dupla;Reta;Urbano;1;1
708937;2010-05-26;Quarta;23:40:00;SP;116;162.0;JACAREI;Falta de atenção;Colisão lateral;Com Vítimas Feridas;Plena noite;Decrescente;Chuva;Simples;Curva;Urbano;2;2
709081;2010-05-26;Quarta;21:40:00;SP;116;113.2;TAUBATE;Outras;Colisão lateral;Sem Vítimas;Plena noite;Decrescente;Ceu Claro;Dupla;Reta;Urbano;3;3
709120;2010-05-27;Quinta;12:30:00;SP;116;223.0;GUARULHOS;Outras;Colisão lateral;Sem Vítimas;Pleno dia;Decrescente;Sol;Múltipla;Reta;Urbano;2;2
709230;2010-05-23;Domingo;19:05:00;SP;116;213.3;GUARULHOS;Velocidade incompatível;Capotamento;Com Vítimas Feridas;Plena noite;Crescente;Ceu Claro;Múltipla;Reta;Urbano;2;1
709265;2010-05-27;Quinta;14:50:00;SP;116;227.0;GUARULHOS;Outras;Queda de motocicleta / bicicleta / veículo;Com Vítimas Feridas;Pleno dia;Crescente;Ceu Claro;Múltipla;Reta;Urbano;1;1
709272;2010-05-27;Quinta;07:10:00;SP;116;212.0;GUARULHOS;Falta de atenção;Colisão traseira;Com Vítimas Feridas;Pleno dia;Decrescente;Ceu Claro;Múltipla;Reta;Urbano;2;2
709305;2010-05-27;Quinta;16:30:00;SP;116;225.0;GUARULHOS;Outras;Colisão lateral;Sem Vítimas;Pleno dia;Decrescente;Ceu Claro;Múltipla;Reta;Urbano;2;2
709327;2010-05-25;Terça;09:05:00;SP;116;153.0;SAO JOSE DOS CAMPOS;Outras;Colisão traseira;Sem Vítimas;Pleno dia;Decrescente;Ceu Claro;Múltipla;Reta;Rural;2;2
709350;2010-05-27;Quinta;20:50:00;SP;116;198.0;ARUJA;Outras;Colisão lateral;Sem Vítimas;Plena noite;Crescente;Ceu Claro;Múltipla;Reta;Urbano;2;2
709361;2010-05-27;Quinta;12:00:00;SP;116;157.0;SAO JOSE DOS CAMPOS;Não guardar distância de segurança;Colisão traseira;Sem Vítimas;Pleno dia;Decrescente;Ceu Claro;Múltipla;Reta;Rural;2;2
709420;2010-05-27;Quinta;22:50:00;SP;116;227.0;SAO PAULO;Outras;Colisão traseira;Com Vítimas Feridas;Plena noite;Decrescente;Ceu Claro;Múltipla;Reta;Urbano;3;2
709421;2010-05-25;Terça;13:55:00;SP;116;214.0;GUARULHOS;Outras;Colisão lateral;Sem Vítimas;Pleno dia;Decrescente;Nublado;Múltipla;Reta;Rural;2;2
709456;2010-05-19;Quarta;17:45:00;SP;116;161.1;JACAREI;Defeito mecânico em veículo;Colisão com objeto móvel;Sem Vítimas;Pleno dia;Decrescente;Ceu Claro;Dupla;Reta;Rural;3;3
709488;2010-05-26;Quarta;17:20:00;SP;116;219.0;GUARULHOS;Não guardar distância de segurança;Colisão traseira;Com Vítimas Feridas;Pleno dia;Crescente;Nublado;Múltipla;Reta;Urbano;2;2
709594;2010-05-24;Segunda;23:20:00;SP;116;162.5;JACAREI;Defeito mecânico em veículo;Danos Eventuais;Sem Vítimas;Plena noite;Crescente;Ceu Claro;Dupla;Reta;Urbano;3;3
709612;2010-05-27;Quinta;02:40:00;SP;116;224.7;GUARULHOS;Outras;Colisão traseira;Sem Vítimas;Plena noite;Crescente;Nublado;Múltipla;Reta;Urbano;2;2
709647;2010-05-26;Quarta;21:15:00;SP;116;225.0;GUARULHOS;Outras;Colisão traseira;Com Vítimas Feridas;Plena noite;Decrescente;Chuva;Múltipla;Reta;Urbano;4;4
709652;2010-05-27;Quinta;04:10:00;SP;116;147.4;SAO JOSE DOS CAMPOS;Outras;Queda de motocicleta / bicicleta / veículo;Com Vítimas Feridas;Plena noite;Crescente;Nublado;Múltipla;Reta;Urbano;1;1
709671;2010-05-26;Quarta;21:10:00;SP;116;225.0;GUARULHOS;Não guardar distância de segurança;Colisão traseira;Sem Vítimas;Plena noite;Decrescente;Chuva;Múltipla;Reta;Urbano;2;2
709708;2010-05-26;Quarta;18:45:00;SP;116;218.0;GUARULHOS;Não guardar distância de segurança;Colisão lateral;Com Vítimas Feridas;Plena noite;Crescente;Ceu Claro;Múltipla;Reta;Urbano;2;2
709763;2010-05-28;Sexta;12:00:00;SP;116;156.1;SAO JOSE DOS CAMPOS;Não guardar distância de segurança;Colisão traseira;Sem Vítimas;Pleno dia;Crescente;Ceu Claro;Dupla;Reta;Urbano;3;3
709874;2010-05-28;Sexta;08:20:00;SP;116;226.0;GUARULHOS;Falta de atenção;Colisão traseira;Sem Vítimas;Pleno dia;Decrescente;Chuva;Múltipla;Reta;Urbano;2;2
709979;2010-05-28;Sexta;19:30:00;SP;116;149.5;SAO JOSE DOS CAMPOS;Não guardar distância de segurança;Colisão traseira;Sem Vítimas;Plena noite;Crescente;Ceu Claro;Múltipla;Reta;Urbano;2;2
710008;2010-05-24;Segunda;21:30:00;SP;116;132.6;CACAPAVA;Outras;Colisão com objeto fixo;Sem Vítimas;Plena noite;Crescente;Nublado;Dupla;Reta;Rural;1;1
710080;2010-05-28;Sexta;14:55:00;SP;116;210.8;GUARULHOS;Falta de atenção;Colisão lateral;Sem Vítimas;Pleno dia;Decrescente;Sol;Múltipla;Reta;Urbano;2;2
710212;2010-05-26;Quarta;06:00:00;SP;116;225.0;GUARULHOS;Não guardar distância de segurança;Colisão traseira;Sem Vítimas;Amanhecer;Crescente;Ceu Claro;Dupla;Reta;Urbano;5;5
710223;2010-05-29;Sábado;08:00:00;SP;116;142.0;SAO JOSE DOS CAMPOS;Outras;Colisão lateral;Sem Vítimas;Pleno dia;Crescente;Nublado;Dupla;Reta;Urbano;2;2
710276;2010-05-27;Quinta;20:14:00;SP;116;219.0;GUARULHOS;Desobediência à sinalização;Colisão traseira;Com Vítimas Fatais;Plena noite;Crescente;Ceu Claro;Múltipla;Cruzamento;Urbano;4;4
710347;2010-05-27;Quinta;07:45:00;SP;116;219.0;GUARULHOS;Outras;Colisão lateral;Com Vítimas Feridas;Pleno dia;Decrescente;Ceu Claro;Múltipla;Reta;Urbano;3;2
710351;2010-05-27;Quinta;22:30:00;SP;116;219.0;GUARULHOS;Outras;Colisão traseira;Sem Vítimas;Plena noite;Crescente;Nublado;Simples;Reta;Urbano;2;2
710355;2010-05-29;Sábado;08:30:00;SP;116;182.0;SANTA ISABEL;Não guardar distância de segurança;Colisão traseira;Sem Vítimas;Amanhecer;Decrescente;Nublado;Dupla;Reta;Rural;3;3
710389;2010-05-29;Sábado;14:30:00;SP;116;211.0;GUARULHOS;Falta de atenção;Colisão traseira;Sem Vítimas;Pleno dia;Decrescente;Sol;Múltipla;Reta;Urbano;2;2
710568;2010-05-29;Sábado;13:40:00;SP;116;150.0;SAO JOSE DOS CAMPOS;Não guardar distância de segurança;Colisão traseira;Sem Vítimas;Pleno dia;Crescente;Ceu Claro;Dupla;Reta;Urbano;3;3
710756;2010-05-26;Quarta;22:20:00;SP;116;142.0;SAO JOSE DOS CAMPOS;Outras;Capotamento;Sem Vítimas;Plena noite;Decrescente;Nublado;Dupla;Reta;Urbano;1;1
710760;2010-05-27;Quinta;10:55:00;SP;116;155.0;SAO JOSE DOS CAMPOS;Outras;Queda de motocicleta / bicicleta / veículo;Com Vítimas Feridas;Pleno dia;Decrescente;Sol;Dupla;Reta;Urbano;1;1
710764;2010-05-25;Terça;08:50:00;SP;116;155.5;SAO JOSE DOS CAMPOS;Outras;Tombamento;Sem Vítimas;Pleno dia;Decrescente;Nublado;Simples;Curva;Urbano;1;1
710768;2010-05-26;Quarta;14:30:00;SP;116;111.0;TAUBATE;Outras;Colisão traseira;Sem Vítimas;Pleno dia;Decrescente;Sol;Simples;Curva;Urbano;3;3
710800;2010-05-23;Domingo;16:30:00;SP;116;115.5;TAUBATE;Animais na Pista;Atropelamento de animal;Sem Vítimas;Pleno dia;Crescente;Sol;Dupla;Reta;Urbano;1;1
710860;2010-05-27;Quinta;19:10:00;SP;116;152.8;SAO JOSE DOS CAMPOS;Falta de atenção;Colisão traseira;Sem Vítimas;Plena noite;Crescente;Ceu Claro;Dupla;Reta;Urbano;2;2
710878;2010-05-27;Quinta;19:20:00;SP;116;155.8;SAO JOSE DOS CAMPOS;Outras;Colisão traseira;Sem Vítimas;Plena noite;Decrescente;Ceu Claro;Dupla;Reta;Urbano;4;4
710907;2010-05-30;Domingo;17:00:00;SP;116;197.0;ARUJA;Outras;Colisão lateral;Sem Vítimas;Pleno dia;Crescente;Ceu Claro;Dupla;Reta;Urbano;2;2
710953;2010-05-21;Sexta;15:00:00;SP;116;221.0;GUARULHOS;Não guardar distância de segurança;Colisão traseira;Sem Vítimas;Pleno dia;Decrescente;Ceu Claro;Múltipla;Reta;Urbano;4;4
711017;2010-05-27;Quinta;11:15:00;SP;116;142.0;SAO JOSE DOS CAMPOS;Outras;Colisão traseira;Com Vítimas Feridas;Pleno dia;Decrescente;Sol;Dupla;Reta;Urbano;2;2
711032;2010-05-28;Sexta;07:20:00;SP;116;140.0;SAO JOSE DOS CAMPOS;Outras;Colisão lateral;Sem Vítimas;Pleno dia;Decrescente;Sol;Dupla;Reta;Urbano;2;2
711034;2010-05-30;Domingo;19:00:00;SP;116;145.7;SAO JOSE DOS CAMPOS;Não guardar distância de segurança;Colisão traseira;Sem Vítimas;Plena noite;Crescente;Ceu Claro;Dupla;Reta;Urbano;3;3