id;data_inversa;dia_semana;horario;uf;br;km;municipio;causa_acidente;tipo_acidente;classificacao_acidente;fase_dia;sentido_via;condicao_metereologica;tipo_pista;tracado_via;uso_solo;pessoas;veiculos
767858;2010-09-14;Terça;12:45:00;SP;116;145.0;SAO JOSE DOS CAMPOS;Outras;Colisão traseira;Com Vítimas Feridas;Pleno dia;Decrescente;Sol;Múltipla;Reta;Urbano;2;2
768106;2010-09-15;Quarta;19:30:00;SP;116;216.0;GUARULHOS;Falta de atenção;Colisão traseira;Sem Vítimas;Anoitecer;Crescente;Ceu Claro;Múltipla;Reta;Urbano;3;3
768167;2010-09-15;Quarta;12:00:00;SP;116;219.5;GUARULHOS;Outras;Colisão traseira;Sem Vítimas;Pleno dia;Decrescente;Sol;Múltipla;Reta;Urbano;3;3
768190;2010-09-15;Quarta;18:20:00;SP;116;165.2;JACAREI;Falta de atenção;Colisão traseira;Com Vítimas Feridas;Plena noite;Decrescente;Nublado;Múltipla;Reta;Urbano;2;2
768197;2010-09-15;Quarta;17:00:00;SP;116;146.0;SAO JOSE DOS CAMPOS;Falta de atenção;Colisão traseira;Sem Vítimas;Anoitecer;Crescente;Nublado;Dupla;Reta;Urbano;2;2
768212;2010-09-16;Quinta;00:50:00;SP;116;165.2;JACAREI;Falta de atenção;Colisão traseira;Sem Vítimas;Plena noite;Decrescente;Nublado;Múltipla;Reta;Urbano;2;2
768223;2010-09-15;Quarta;17:35:00;SP;116;145.5;SAO JOSE DOS CAMPOS;Falta de atenção;Colisão traseira;Sem Vítimas;Plena noite;Crescente;Nublado;Dupla;Reta;Urbano;2;2
768263;2010-09-09;Quinta;21:35:00;SP;116;157.0;SAO JOSE DOS CAMPOS;Falta de atenção;Colisão lateral;Sem Vítimas;Plena noite;Decrescente;Nublado;Dupla;Reta;Urbano;2;2
768361;2010-09-12;Domingo;09:30:00;SP;116;106.9;TAUBATE;Outras;Colisão com objeto fixo;Sem Vítimas;Pleno dia;Decrescente;Ceu Claro;Dupla;Reta;Urbano;2;2
768369;2010-09-13;Segunda;16:40:00;SP;116;209.0;GUARULHOS;Falta de atenção;Colisão traseira;Sem Vítimas;Pleno dia;Decrescente;Sol;Dupla;Reta;Urbano;2;2
770879;2010-09-17;Sexta;00:50:00;SP;116;220.0;GUARULHOS;Outras;Colisão com objeto fixo;Sem Vítimas;Plena noite;Decrescente;Ceu Claro;Múltipla;Reta;Urbano;1;1
770891;2010-09-15;Quarta;22:40:00;SP;116;148.8;SAO JOSE DOS CAMPOS;Falta de atenção;Colisão lateral;Sem Vítimas;Plena noite;Crescente;Ceu Claro;Dupla;Reta;Urbano;2;2
771005;2010-09-17;Sexta;13:50:00;SP;116;116.2;TAUBATE;Defeito mecânico em veículo;Colisão com objeto fixo;Sem Vítimas;Pleno dia;Crescente;Ceu Claro;Dupla;Reta;Rural;2;2
771048;2010-09-17;Sexta;09:40:00;SP;116;115.0;TAUBATE;Falta de atenção;Colisão traseira;Sem Vítimas;Pleno dia;Crescente;Sol;Dupla;Reta;Urbano;3;3
771168;2010-09-17;Sexta;15:40:00;SP;116;142.3;SAO JOSE DOS CAMPOS;Falta de atenção;Atropelamento de pessoa;Com Vítimas Feridas;Pleno dia;Crescente;Ceu Claro;Dupla;Reta;Urbano;2;1
771222;2010-09-16;Quinta;16:45:00;SP;116;144.0;SAO JOSE DOS CAMPOS;Não guardar distância de segurança;Colisão traseira;Sem Vítimas;Pleno dia;Crescente;Sol;Múltipla;Reta;Rural;2;2
771250;2010-09-15;Quarta;19:00:00;SP;116;219.0;GUARULHOS;Outras;Colisão traseira;Sem Vítimas;Plena noite;Crescente;Ceu Claro;Múltipla;Reta;Urbano;2;2
771257;2010-09-15;Quarta;15:00:00;SP;116;202.0;ARUJA;Outras;Colisão lateral;Com Vítimas Feridas;Pleno dia;Decrescente;Ceu Claro;Dupla;Reta;Rural;2;2
771312;2010-09-17;Sexta;19:45:00;SP;116;219.1;GUARULHOS;Não guardar distância de segurança;Colisão traseira;Com Vítimas Feridas;Plena noite;Crescente;Nublado;Múltipla;Reta;Urbano;2;2
771337;2010-09-17;Sexta;23:30:00;SP;116;221.8;GUARULHOS;Não guardar distância de segurança;Colisão traseira;Sem Vítimas;Plena noite;Decrescente;Nublado;Múltipla;Reta;Urbano;4;4
771442;2010-09-16;Quinta;11:50:00;SP;116;145.7;SAO JOSE DOS CAMPOS;Outras;Colisão traseira;Com Vítimas Feridas;Pleno dia;Decrescente;Sol;Dupla;Reta;Urbano;2;2
771464;2010-09-16;Quinta;11:55:00;SP;116;145.7;SAO JOSE DOS CAMPOS;Falta de atenção;Colisão lateral;Sem Vítimas;Pleno dia;Decrescente;Sol;Dupla;Reta;Urbano;2;2
771520;2010-09-15;Quarta;07:15:00;SP;116;139.6;SAO JOSE DOS CAMPOS;Falta de atenção;Colisão traseira;Sem Vítimas;Pleno dia;Crescente;Ceu Claro;Dupla;Reta;Rural;6;6
771527;2010-09-17;Sexta;07:45:00;SP;116;157.0;SAO JOSE DOS CAMPOS;Falta de atenção;Colisão lateral;Sem Vítimas;Pleno dia;Decrescente;Sol;Dupla;Reta;Urbano;2;2
771717;2010-09-18;Sábado;16:20:00;SP;116;145.0;SAO JOSE DOS CAMPOS;Outras;Colisão traseira;Sem Vítimas;Pleno dia;Crescente;Nublado;Dupla;Reta;Urbano;2;2
771729;2010-09-18;Sábado;16:00:00;SP;116;109.7;TAUBATE;Outras;Colisão com objeto fixo;Sem Vítimas;Pleno dia;Decrescente;Nublado;Dupla;Reta;Urbano;1;1
771836;2010-09-11;Sábado;17:50:00;SP;116;217.0;GUARULHOS;Falta de atenção;Colisão traseira;Com Vítimas Feridas;Anoitecer;Crescente;Nublado;Múltipla;Reta;Urbano;3;3
771892;2010-09-15;Quarta;10:20:00;SP;116;207.0;GUARULHOS;Outras;Colisão traseira;Com Vítimas Feridas;Pleno dia;Crescente;Nublado;Múltipla;Reta;Urbano;2;2
771897;2010-09-15;Quarta;16:00:00;SP;116;229.0;SAO PAULO;Outras;Colisão traseira;Sem Vítimas;Pleno dia;Crescente;Nublado;Múltipla;Reta;Urbano;2;2
772076;2010-09-16;Quinta;10:30:00;SP;116;227.0;GUARULHOS;Falta de atenção;Colisão lateral;Sem Vítimas;Pleno dia;Decrescente;Ceu Claro;Múltipla;Curva;Urbano;2;2
772131;2010-09-17;Sexta;04:45:00;SP;116;121.5;CACAPAVA;Outras;Colisão traseira;Sem Vítimas;Plena noite;Crescente;Nublado;Dupla;Reta;Urbano;4;4
772236;2010-09-19;Domingo;16:08:00;SP;116;139.8;SAO JOSE DOS CAMPOS;Não guardar distância de segurança;Colisão traseira;Sem Vítimas;Pleno dia;Crescente;Ceu Claro;Dupla;Reta;Urbano;6;6
772275;2010-09-19;Domingo;17:05:00;SP;116;198.0;ARUJA;Não guardar distância de segurança;Colisão traseira;Sem Vítimas;Pleno dia;Crescente;Nublado;Dupla;Reta;Rural;3;3
772276;2010-09-11;Sábado;23:30:00;SP;116;214.0;GUARULHOS;Ultrapassagem indevida;Colisão com objeto fixo;Sem Vítimas;Plena noite;Decrescente;Nublado;Múltipla;Reta;Urbano;3;3
772403;2010-09-11;Sábado;07:10:00;SP;116;219.0;GUARULHOS;Falta de atenção;Colisão lateral;Sem Vítimas;Pleno dia;Crescente;Nublado;Múltipla;Reta;Urbano;2;2
772657;2010-09-17;Sexta;19:45:00;SP;116;161.0;JACAREI;Outras;Colisão traseira;Com Vítimas Feridas;Anoitecer;Crescente;Ceu Claro;Dupla;Reta;Rural;4;2
772681;2010-09-17;Sexta;18:30:00;SP;116;159.0;JACAREI;Outras;Colisão traseira;Sem Vítimas;Plena noite;Decrescente;Nublado;Dupla;Reta;Urbano;4;4
772706;2010-09-19;Domingo;20:50:00;SP;116;211.1;GUARULHOS;Não guardar distância de segurança;Colisão traseira;Sem Vítimas;Plena noite;Crescente;Nublado;Dupla;Reta;Urbano;3;3
772786;2010-09-18;Sábado;22:00:00;SP;116;216.0;GUARULHOS;Falta de atenção;Queda de motocicleta / bicicleta / veículo;Com Vítimas Feridas;Plena noite;Crescente;Ceu Claro;Simples;Curva;Urbano;2;1
772814;2010-09-20;Segunda;10:30:00;SP;116;227.0;GUARULHOS;Não guardar distância de segurança;Colisão traseira;Sem Vítimas;Pleno dia;Decrescente;Ceu Claro;Múltipla;Reta;Urbano;2;2
772934;2010-09-17;Sexta;05:45:00;SP;116;220.0;GUARULHOS;Não guardar distância de segurança;Colisão traseira;Com Vítimas Feridas;Amanhecer;Crescente;Ceu Claro;Múltipla;Reta;Urbano;2;2
772949;2010-09-20;Segunda;08:00:00;SP;116;226.0;GUARULHOS;Não guardar distância de segurança;Colisão lateral;Sem Vítimas;Pleno dia;Decrescente;Ceu Claro;Múltipla;Reta;Urbano;2;2
772967;2010-09-16;Quinta;20:30:00;SP;116;222.0;GUARULHOS;Falta de atenção;Atropelamento de pessoa;Com Vítimas Feridas;Plena noite;Decrescente;Ceu Claro;Múltipla;Reta;Urbano;2;1
772978;2010-09-17;Sexta;07:30:00;SP;116;216.8;GUARULHOS;Não guardar distância de segurança;Colisão traseira;Sem Vítimas;Pleno dia;Crescente;Nublado;Múltipla;Reta;Urbano;4;4
772993;2010-09-17;Sexta;08:30:00;SP;116;145.0;SAO JOSE DOS CAMPOS;Outras;Colisão traseira;Com Vítimas Feridas;Pleno dia;Crescente;Sol;Múltipla;Reta;Rural;2;2
773052;2010-09-14;Terça;14:25:00;SP;116;186.0;SANTA ISABEL;Outras;Colisão lateral;Sem Vítimas;Pleno dia;Crescente;Ceu Claro;Dupla;Reta;Rural;2;2
773142;2010-09-17;Sexta;06:30:00;SP;116;216.0;GUARULHOS;Não guardar distância de segurança;Colisão lateral;Com Vítimas Feridas;Pleno dia;Crescente;Nublado;Múltipla;Reta;Urbano;2;2
773250;2010-09-18;Sábado;05:45:00;SP;116;142.5;SAO JOSE DOS CAMPOS;Falta de atenção;Colisão traseira;Com Vítimas Fatais;Amanhecer;Crescente;Ceu Claro;Dupla;Reta;Urbano;2;2
773261;2010-09-20;Segunda;08:05:00;SP;116;156.6;SAO JOSE DOS CAMPOS;Não guardar distância de segurança;Colisão traseira;Sem Vítimas;Pleno dia;Decrescente;Nublado;Dupla;Reta;Urbano;2;2
773268;2010-09-20;Segunda;06:40:00;SP;116;218.1;GUARULHOS;Não guardar distância de segurança;Colisão traseira;Com Vítimas Feridas;Amanhecer;Decrescente;Nublado;Múltipla;Reta;Urbano;6;5
773302;2010-09-21;Terça;07:40:00;SP;116;220.0;GUARULHOS;Falta de atenção;Colisão traseira;Sem Vítimas;Pleno dia;Crescente;Ceu Claro;Dupla;Reta;Urbano;2;2
773345;2010-09-21;Terça;08:15:00;SP;116;156.0;SAO JOSE DOS CAMPOS;Não guardar distância de segurança;Colisão traseira;Sem Vítimas;Pleno dia;Decrescente;Ceu Claro;Dupla;Reta;Urbano;4;4
773350;2010-09-21;Terça;08:00:00;SP;116;225.0;GUARULHOS;Falta de atenção;Colisão lateral;Sem Vítimas;Pleno dia;Decrescente;Sol;Múltipla;Reta;Urbano;2;2
773351;2010-09-19;Domingo;19:25:00;SP;116;225.0;GUARULHOS;Não guardar distância de segurança;Colisão traseira;Sem Vítimas;Plena noite;Crescente;Nublado;Múltipla;Reta;Urbano;2;2
773449;2010-09-18;Sábado;07:00:00;SP;116;130.0;CACAPAVA;Falta de atenção;Colisão traseira;Sem Vítimas;Pleno dia;Decrescente;Nublado;Dupla;Reta;Urbano;3;3
773583;2010-09-21;Terça;13:45:00;SP;116;211.0;GUARULHOS;Não guardar distância de segurança;Colisão lateral;Sem Vítimas;Pleno dia;Decrescente;Sol;Dupla;Reta;Urbano;2;2
773612;2010-09-19;Domingo;06:00:00;SP;116;221.0;GUARULHOS;Outras;Colisão traseira;Com Vítimas Feridas;Amanhecer;Crescente;Nublado;Múltipla;Reta;Urbano;3;2
773672;2010-09-21;Terça;12:15:00;SP;116;229.8;SAO PAULO;Não guardar distância de segurança;Colisão traseira;Sem Vítimas;Pleno dia;Crescente;Sol;Múltipla;Reta;Urbano;2;2
773693;2010-09-09;Quinta;16:45:00;SP;116;182.0;SANTA ISABEL;Não guardar distância de segurança;Colisão traseira;Sem Vítimas;Pleno dia;Decrescente;Ceu Claro;Dupla;Reta;Urbano;2;2
773718;2010-09-20;Segunda;18:50:00;SP;116;219.0;GUARULHOS;Não guardar distância de segurança;Colisão traseira;Sem Vítimas;Anoitecer;Decrescente;Chuva;Múltipla;Reta;Urbano;4;4
773728;2010-09-17;Sexta;19:25:00;SP;116;157.0;SAO JOSE DOS CAMPOS;Outras;Atropelamento de pessoa;Com Vítimas Feridas;Plena noite;Crescente;Ceu Claro;Dupla;Reta;Urbano;2;1
773846;2010-09-19;Domingo;04:50:00;SP;116;133.0;CACAPAVA;Falta de atenção;Colisão lateral;Sem Vítimas;Plena noite;Decrescente;Ceu Claro;Dupla;Reta;Rural;2;2
773866;2010-09-15;Quarta;17:46:00;SP;116;146.0;SAO JOSE DOS CAMPOS;Outras;Colisão com objeto fixo;Sem Vítimas;Anoitecer;Decrescente;Ceu Claro;Dupla;Reta;Urbano;1;1
773880;2010-09-15;Quarta;17:45:00;SP;116;146.0;SAO JOSE DOS CAMPOS;Falta de atenção;Colisão com objeto móvel;Com Vítimas Feridas;Anoitecer;Decrescente;Ceu Claro;Dupla;Reta;Urbano;2;2
773904;2010-09-15;Quarta;16:10:00;SP;116;204.0;ARUJA;Falta de atenção;Colisão traseira;Sem Vítimas;Pleno dia;Crescente;Ceu Claro;Dupla;Reta;Rural;2;2
773920;2010-09-20;Segunda;15:00:00;SP;116;149.9;SAO JOSE DOS CAMPOS;Falta de atenção;Colisão lateral;Com Vítimas Feridas;Pleno dia;Decrescente;Ceu Claro;Dupla;Reta;Urbano;2;2
773931;2010-09-15;Quarta;18:10:00;SP;116;228.0;SAO PAULO;Outras;Colisão com objeto móvel;Sem Vítimas;Anoitecer;Crescente;Ceu Claro;Múltipla;Reta;Urbano;1;1
773954;2010-09-21;Terça;00:10:00;SP;116;157.0;SAO JOSE DOS CAMPOS;Não guardar distância de segurança;Colisão traseira;Sem Vítimas;Plena noite;Decrescente;Nublado;Dupla;Reta;Urbano;2;2
774071;2010-09-16;Quinta;10:00:00;SP;116;145.9;SAO JOSE DOS CAMPOS;Não guardar distância de segurança;Colisão traseira;Sem Vítimas;Pleno dia;Crescente;Sol;Dupla;Reta;Urbano;2;2
774154;2010-09-22;Quarta;10:10:00;SP;116;229.6;SAO PAULO;Falta de atenção;Colisão traseira;Sem Vítimas;Pleno dia;Crescente;Sol;Dupla;Reta;Urbano;2;2
774249;2010-09-22;Quarta;23:51:00;SP;116;129.5;CACAPAVA;Outras;Colisão traseira;Sem Vítimas;Plena noite;Crescente;Ceu Claro;Dupla;Reta;Urbano;2;2
774374;2010-09-19;Domingo;05:50:00;SP;116;132.2;CACAPAVA;Outras;Capotamento;Sem Vítimas;Amanhecer;Decrescente;Ceu Claro;Dupla;Reta;Rural;1;1
774415;2010-09-23;Quinta;07:45:00;SP;116;228.9;GUARULHOS;Não guardar distância de segurança;Colisão traseira;Sem Vítimas;Pleno dia;Decrescente;Ceu Claro;Múltipla;Reta;Urbano;2;2
774416;2010-09-22;Quarta;05:30:00;SP;116;149.0;SAO JOSE DOS CAMPOS;Outras;Colisão lateral;Sem Vítimas;Amanhecer;Crescente;Ceu Claro;Dupla;Reta;Urbano;2;2
774446;2010-09-19;Domingo;15:20:00;SP;116;144.5;SAO JOSE DOS CAMPOS;Falta de atenção;Colisão traseira;Sem Vítimas;Pleno dia;Crescente;Ceu Claro;Dupla;Reta;Urbano;2;2
774460;2010-09-20;Segunda;01:45:00;SP;116;147.0;SAO JOSE DOS CAMPOS;Outras;Colisão com objeto fixo;Com Vítimas Feridas;Plena noite;Crescente;Ceu Claro;Dupla;Reta;Urbano;1;1
774462;2010-09-23;Quinta;09:05:00;SP;116;107.0;TAUBATE;Velocidade incompatível;Colisão lateral;Com Vítimas Feridas;Pleno dia;Decrescente;Ceu Claro;Dupla;Curva;Urbano;2;2
774477;2010-09-20;Segunda;08:04:00;SP;116;156.7;SAO JOSE DOS CAMPOS;Não guardar distância de segurança;Colisão traseira;Sem Vítimas;Pleno dia;Decrescente;Ceu Claro;Dupla;Reta;Urbano;2;2
774488;2010-09-19;Domingo;17:45:00;SP;116;152.0;SAO JOSE DOS CAMPOS;Outras;Colisão lateral;Com Vítimas Feridas;Pleno dia;Decrescente;Nublado;Dupla;Reta;Urbano;2;2
774496;2010-09-23;Quinta;07:30:00;SP;116;141.9;SAO JOSE DOS CAMPOS;Não guardar distância de segurança;Colisão traseira;Sem Vítimas;Pleno dia;Crescente;Ceu Claro;Dupla;Reta;Urbano;3;3
774500;2010-09-09;Quinta;00:30:00;SP;116;118.6;TAUBATE;Outras;Colisão traseira;Com Vítimas Feridas;Plena noite;Crescente;Ceu Claro;Dupla;Reta;Rural;2;2
774558;2010-09-22;Quarta;21:00:00;SP;116;224.0;GUARULHOS;Falta de atenção;Colisão traseira;Sem Vítimas;Plena noite;Decrescente;Ceu Claro;Múltipla;Reta;Urbano;2;2
774561;2010-09-23;Quinta;17:05:00;SP;116;221.0;GUARULHOS;Falta de atenção;Colisão traseira;Sem Vítimas;Pleno dia;Decrescente;Nublado;Múltipla;Reta;Urbano;2;2
774578;2010-09-23;Quinta;14:25:00;SP;116;160.3;JACAREI;Falta de atenção;Colisão lateral;Sem Vítimas;Pleno dia;Decrescente;Ceu Claro;Dupla;Reta;Rural;2;2
774646;2010-09-23;Quinta;17:00:00;SP;116;108.0;TAUBATE;Defeito mecânico em veículo;Colisão com objeto móvel;Sem Vítimas;Anoitecer;Decrescente;Nublado;Dupla;Reta;Urbano;2;2
774697;2010-09-23;Quinta;13:50:00;SP;116;227.0;GUARULHOS;Falta de atenção;Colisão lateral;Com Vítimas Fatais;Pleno dia;Crescente;Sol;Dupla;Reta;Urbano;2;2
774706;2010-09-24;Sexta;00:15:00;SP;116;213.2;GUARULHOS;Animais na Pista;Atropelamento de animal;Sem Vítimas;Plena noite;Decrescente;Ceu Claro;Múltipla;Reta;Urbano;1;1
774710;2010-09-23;Quinta;13:20:00;SP;116;222.8;GUARULHOS;Ingestão de álcool;Colisão lateral;Sem Vítimas;Pleno dia;Decrescente;Ceu Claro;Múltipla;Reta;Urbano;2;2
774779;2010-09-24;Sexta;04:00:00;SP;116;148.0;SAO JOSE DOS CAMPOS;Falta de atenção;Colisão lateral;Sem Vítimas;Plena noite;Crescente;Ceu Claro;Dupla;Reta;Urbano;2;2
774870;2010-09-23;Quinta;17:35:00;SP;116;223.1;GUARULHOS;Falta de atenção;Colisão lateral;Sem Vítimas;Anoitecer;Crescente;Nublado;Múltipla;Reta;Urbano;2;2
774892;2010-09-22;Quarta;07:30:00;SP;116;156.7;SAO JOSE DOS CAMPOS;Outras;Colisão traseira;Sem Vítimas;Amanhecer;Crescente;Ceu Claro;Dupla;Reta;Rural;2;2
774944;2010-09-24;Sexta;10:00:00;SP;116;134.7;JUQUITIBA;Outras;Capotamento;Com Vítimas Feridas;Pleno dia;Decrescente;Chuva;Dupla;Curva;Rural;4;2
774963;2010-09-18;Sábado;00:50:00;SP;116;219.0;GUARULHOS;Falta de atenção;Colisão lateral;Sem Vítimas;Plena noite;Crescente;Ceu Claro;Múltipla;Reta;Urbano;2;2
774969;2010-09-24;Sexta;08:30:00;SP;116;160.5;JACAREI;Não guardar distância de segurança;Colisão lateral;Sem Vítimas;Amanhecer;Decrescente;Ceu Claro;Dupla;Reta;Urbano;2;2
775013;2010-09-24;Sexta;08:10:00;SP;116;139.0;SAO JOSE DOS CAMPOS;Falta de atenção;Colisão traseira;Sem Vítimas;Pleno dia;Crescente;Nublado;Dupla;Reta;Urbano;2;2
775111;2010-09-24;Sexta;17:50:00;SP;116;223.0;GUARULHOS;Outras;Queda de motocicleta / bicicleta / veículo;Com Vítimas Feridas;Plena noite;Decrescente;Chuva;Múltipla;Reta;Urbano;1;1
775125;2010-09-24;Sexta;18:00:00;SP;116;225.0;GUARULHOS;Velocidade incompatível;Colisão traseira;Sem Vítimas;Plena noite;Decrescente;Chuva;Múltipla;Reta;Urbano;2;2
775128;2010-09-23;Quinta;16:55:00;SP;116;168.0;JACAREI;Falta de atenção;Colisão lateral;Sem Vítimas;Pleno dia;Crescente;Ceu Claro;Dupla;Reta;Urbano;2;2
775159;2010-09-24;Sexta;19:50:00;SP;116;159.0;JACAREI;Outras;Colisão traseira;Sem Vítimas;Plena noite;Decrescente;Chuva;Dupla;Reta;Urbano;2;2
775177;2010-09-22;Quarta;05:45:00;SP;116;180.9;GUARAREMA;Ingestão de álcool;Colisão traseira;Sem Vítimas;Amanhecer;Crescente;Ceu Claro;Dupla;Reta;Urbano;2;2
775224;2010-09-24;Sexta;21:05:00;SP;116;157.0;SAO JOSE DOS CAMPOS;Não guardar distância de segurança;Colisão lateral;Sem Vítimas;Plena noite;Decrescente;Chuva;Dupla;Reta;Urbano;2;2
775236;2010-09-24;Sexta;21:00:00;SP;116;228.0;SAO PAULO;Não guardar distância de segurança;Colisão traseira;Sem Vítimas;Plena noite;Decrescente;Ceu Claro;Múltipla;Reta;Urbano;3;3
775277;2010-09-24;Sexta;19:20:00;SP;116;215.0;GUARULHOS;Não guardar distância de segurança;Colisão lateral;Sem Vítimas;Plena noite;Crescente;Chuva;Múltipla;Reta;Urbano;2;2
775344;2010-09-24;Sexta;18:30:00;SP;116;117.0;TAUBATE;Falta de atenção;Colisão traseira;Sem Vítimas;Plena noite;Decrescente;Chuva;Dupla;Reta;Urbano;2;2
775440;2010-09-23;Quinta;17:40:00;SP;116;228.0;SAO PAULO;Não guardar distância de segurança;Colisão lateral;Sem Vítimas;Pleno dia;Decrescente;Nublado;Dupla;Reta;Urbano;2;2
775445;2010-09-25;Sábado;09:10:00;SP;116;125.7;CACAPAVA;Falta de atenção;Colisão lateral;Sem Vítimas;Pleno dia;Decrescente;Nublado;Dupla;Reta;Urbano;3;3
775508;2010-09-24;Sexta;18:10:00;SP;116;117.0;TAUBATE;Falta de atenção;Colisão traseira;Sem Vítimas;Anoitecer;Decrescente;Chuva;Dupla;Reta;Urbano;2;2
775528;2010-09-21;Terça;18:20:00;SP;116;107.0;TAUBATE;Outras;Colisão traseira;Sem Vítimas;Anoitecer;Decrescente;Nublado;Dupla;Reta;Urbano;5;5
775634;2010-09-24;Sexta;17:05:00;SP;116;116.0;TAUBATE;Falta de atenção;Colisão lateral;Sem Vítimas;Anoitecer;Decrescente;Chuva;Dupla;Reta;Urbano;2;2
775654;2010-09-25;Sábado;19:30:00;SP;116;216.5;GUARULHOS;Não guardar distância de segurança;Colisão traseira;Sem Vítimas;Plena noite;Decrescente;Nublado;Múltipla;Reta;Urbano;4;4
775707;2010-09-24;Sexta;18:10:00;SP;116;118.0;TAUBATE;Falta de atenção;Colisão traseira;Com Vítimas Feridas;Plena noite;Decrescente;Chuva;Dupla;Reta;Urbano;4;4
775721;2010-07-22;Quinta;22:40:00;SP;116;183.0;SANTA ISABEL;Não guardar distância de segurança;Colisão traseira;Com Vítimas Feridas;Plena noite;Decrescente;Ceu Claro;Dupla;Reta;Rural;2;2
775766;2010-09-25;Sábado;08:30:00;SP;116;211.0;GUARULHOS;Não guardar distância de segurança;Colisão traseira;Com Vítimas Feridas;Pleno dia;Decrescente;Nublado;Dupla;Reta;Urbano;2;2
775784;2010-09-25;Sábado;20:40:00;SP;116;216.0;GUARULHOS;Não guardar distância de segurança;Colisão traseira;Sem Vítimas;Plena noite;Crescente;Nublado;Múltipla;Reta;Urbano;3;3
775802;2010-09-25;Sábado;23:45:00;SP;116;221.4;GUARULHOS;Outras;Capotamento;Com Vítimas Feridas;Plena noite;Crescente;Nublado;Múltipla;Reta;Urbano;4;1
775878;2010-09-26;Domingo;02:50:00;SP;116;226.6;GUARULHOS;Falta de atenção;Colisão traseira;Com Vítimas Feridas;Plena noite;Crescente;Nublado;Múltipla;Reta;Urbano;4;3
775904;2010-09-24;Sexta;17:25:00;SP;116;117.0;TAUBATE;Falta de atenção;Colisão traseira;Sem Vítimas;Anoitecer;Decrescente;Chuva;Dupla;Reta;Urbano;5;5
775939;2010-09-24;Sexta;18:40:00;SP;116;158.6;JACAREI;Não guardar distância de segurança;Colisão traseira;Sem Vítimas;Plena noite;Decrescente;Chuva;Dupla;Reta;Urbano;4;4
775967;2010-09-22;Quarta;12:30:00;SP;116;150.0;SAO JOSE DOS CAMPOS;Outras;Tombamento;Sem Vítimas;Pleno dia;Crescente;Ceu Claro;Dupla;Reta;Urbano;1;1
775980;2010-09-24;Sexta;20:20:00;SP;116;155.7;SAO JOSE DOS CAMPOS;Falta de atenção;Colisão lateral;Sem Vítimas;Plena noite;Crescente;Chuva;Dupla;Reta;Urbano;2;2
775992;2010-09-22;Quarta;09:30:00;SP;116;156.2;SAO JOSE DOS CAMPOS;Não guardar distância de segurança;Colisão traseira;Sem Vítimas;Pleno dia;Decrescente;Ceu Claro;Dupla;Reta;Urbano;2;2
776063;2010-09-24;Sexta;21:00:00;SP;116;146.8;SAO JOSE DOS CAMPOS;Outras;Colisão traseira;Sem Vítimas;Plena noite;Crescente;Nublado;Simples;Reta;Urbano;5;5
776077;2010-09-22;Quarta;14:20:00;SP;116;182.0;SANTA ISABEL;Outras;Colisão traseira;Sem Vítimas;Pleno dia;Decrescente;Ceu Claro;Dupla;Reta;Rural;2;2
776083;2010-09-26;Domingo;14:05:00;SP;116;121.5;CACAPAVA;Outras;Colisão com objeto fixo;Sem Vítimas;Pleno dia;Crescente;Chuva;Dupla;Reta;Rural;1;1
776086;2010-09-26;Domingo;09:40:00;SP;116;130.0;CACAPAVA;Ingestão de álcool;Colisão com objeto fixo;Sem Vítimas;Pleno dia;Crescente;Chuva;Dupla;Reta;Rural;1;1
776107;2010-09-23;Quinta;06:45:00;SP;116;145.0;SAO JOSE DOS CAMPOS;Outras;Colisão traseira;Sem Vítimas;Amanhecer;Crescente;Ceu Claro;Dupla;Reta;Urbano;2;2
776224;2010-09-16;Quinta;05:00:00;SP;116;204.0;ARUJA;Ingestão de álcool;Colisão com objeto fixo;Sem Vítimas;Plena noite;Decrescente;Ceu Claro;Dupla;Reta;Rural;1;1
776232;2010-09-26;Domingo;21:30:00;SP;116;224.0;GUARULHOS;Outras;Colisão traseira;Com Vítimas Feridas;Plena noite;Decrescente;Chuva;Múltipla;Reta;Urbano;4;3
776267;2010-09-22;Quarta;07:20:00;SP;116;103.9;TAUBATE;Outras;Colisão traseira;Sem Vítimas;Pleno dia;Crescente;Ceu Claro;Múltipla;Reta;Urbano;2;2
776358;2010-09-27;Segunda;05:40:00;SP;116;129.8;CACAPAVA;Outras;Colisão traseira;Sem Vítimas;Anoitecer;Decrescente;Chuva;Dupla;Reta;Rural;2;2
776366;2010-09-23;Quinta;02:20:00;SP;116;152.0;SAO JOSE DOS CAMPOS;Outras;Saída de Pista;Com Vítimas Feridas;Plena noite;Decrescente;Ceu Claro;Dupla;Reta;Urbano;3;2