id;data_inversa;dia_semana;horario;uf;br;km;municipio;causa_acidente;tipo_acidente;classificacao_acidente;fase_dia;sentido_via;condicao_metereologica;tipo_pista;tracado_via;uso_solo;pessoas;veiculos
776426;2010-09-24;Sexta;17:30:00;SP;116;117.0;TAUBATE;Falta de atenção;Colisão traseira;Sem Vítimas;Pleno dia;Decrescente;Chuva;Dupla;Reta;Urbano;4;4
776532;2010-09-24;Sexta;18:00:00;SP;116;173.0;GUARAREMA;Outras;Colisão com objeto fixo;Sem Vítimas;Anoitecer;Crescente;Chuva;Dupla;Reta;Rural;1;1
776608;2010-09-27;Segunda;14:30:00;SP;116;220.0;GUARULHOS;Outras;Colisão traseira;Sem Vítimas;Pleno dia;Decrescente;Nublado;Múltipla;Reta;Urbano;2;2
776615;2010-09-26;Domingo;06:50:00;SP;116;177.0;GUARAREMA;Outras;Capotamento;Com Vítimas Feridas;Amanhecer;Crescente;Chuva;Dupla;Reta;Rural;1;1
776627;2010-09-26;Domingo;06:45:00;SP;116;201.0;ARUJA;Outras;Atropelamento de pessoa;Com Vítimas Fatais;Amanhecer;Decrescente;Chuva;Múltipla;Reta;Urbano;2;1
776694;2010-09-27;Segunda;10:00:00;SP;116;111.8;TAUBATE;Defeito mecânico em veículo;Colisão com objeto fixo;Com Vítimas Feridas;Pleno dia;Decrescente;Nublado;Dupla;Reta;Urbano;3;1
776695;2010-09-27;Segunda;09:00:00;SP;116;111.0;TAUBATE;Outras;Colisão traseira;Sem Vítimas;Pleno dia;Crescente;Nublado;Dupla;Reta;Urbano;3;3
776725;2010-09-27;Segunda;13:35:00;SP;116;157.0;SAO JOSE DOS CAMPOS;Falta de atenção;Colisão traseira;Com Vítimas Feridas;Pleno dia;Decrescente;Nublado;Dupla;Reta;Urbano;3;3
776744;2010-09-27;Segunda;17:15:00;SP;116;150.0;SAO JOSE DOS CAMPOS;Falta de atenção;Colisão traseira;Sem Vítimas;Pleno dia;Crescente;Chuva;Dupla;Reta;Urbano;3;3
776755;2010-09-27;Segunda;18:00:00;SP;116;147.5;SAO JOSE DOS CAMPOS;Falta de atenção;Colisão lateral;Sem Vítimas;Plena noite;Crescente;Chuva;Dupla;Reta;Urbano;2;2
776794;2010-09-27;Segunda;20:00:00;SP;116;209.0;GUARULHOS;Outras;Colisão traseira;Sem Vítimas;Plena noite;Decrescente;Chuva;Dupla;Reta;Urbano;2;2
776856;2010-09-27;Segunda;18:30:00;SP;116;148.3;SAO JOSE DOS CAMPOS;Falta de atenção;Colisão traseira;Sem Vítimas;Plena noite;Crescente;Chuva;Dupla;Reta;Urbano;2;2
776936;2010-09-28;Terça;03:00:00;SP;116;223.0;GUARULHOS;Outras;Atropelamento de pessoa;Com Vítimas Fatais;Plena noite;Crescente;Chuva;Múltipla;Reta;Urbano;2;1
776971;2010-09-27;Segunda;18:00:00;SP;116;218.0;GUARULHOS;Outras;Colisão traseira;Sem Vítimas;Anoitecer;Decrescente;Nublado;Múltipla;Reta;Urbano;2;2
777100;2010-09-28;Terça;10:30:00;SP;116;181.0;GUARAREMA;Falta de atenção;Colisão com objeto fixo;Sem Vítimas;Pleno dia;Crescente;Nublado;Dupla;Reta;Rural;1;1
777206;2010-09-28;Terça;14:40:00;SP;116;178.0;GUARAREMA;Não guardar distância de segurança;Colisão traseira;Sem Vítimas;Pleno dia;Crescente;Nublado;Dupla;Reta;Rural;2;2
777246;2010-09-28;Terça;03:25:00;SP;116;162.0;JACAREI;Outras;Derramamento de Carga;Sem Vítimas;Plena noite;Decrescente;Chuva;Dupla;Reta;Rural;1;1
777298;2010-09-28;Terça;12:45:00;SP;116;122.5;CACAPAVA;Defeito mecânico em veículo;Saída de Pista;Sem Vítimas;Pleno dia;Decrescente;Nublado;Dupla;Reta;Urbano;1;1
777342;2010-09-28;Terça;10:20:00;SP;116;180.8;GUARAREMA;Outras;Colisão traseira;Sem Vítimas;Pleno dia;Crescente;Nublado;Múltipla;Reta;Rural;2;2
777354;2010-09-25;Sábado;03:20:00;SP;116;210.0;GUARULHOS;Não guardar distância de segurança;Colisão lateral;Sem Vítimas;Plena noite;Decrescente;Nublado;Múltipla;Reta;Urbano;2;2
777361;2010-09-28;Terça;15:05:00;SP;116;217.0;GUARULHOS;Não guardar distância de segurança;Colisão traseira;Sem Vítimas;Pleno dia;Decrescente;Ceu Claro;Múltipla;Reta;Urbano;2;2
777370;2010-09-28;Terça;08:50:00;SP;116;221.0;GUARULHOS;Não guardar distância de segurança;Colisão lateral;Sem Vítimas;Pleno dia;Crescente;Nublado;Múltipla;Reta;Urbano;3;3
777386;2010-09-28;Terça;15:30:00;SP;116;183.1;SANTA ISABEL;Outras;Saída de Pista;Sem Vítimas;Pleno dia;Crescente;Nublado;Simples;Reta;Rural;1;1
777498;2010-09-22;Quarta;10:20:00;SP;116;154.5;SAO JOSE DOS CAMPOS;Outras;Colisão lateral;Com Vítimas Feridas;Pleno dia;Crescente;Sol;Dupla;Reta;Urbano;3;3
777587;2010-09-25;Sábado;03:00:00;SP;116;217.0;GUARULHOS;Outras;Capotamento;Sem Vítimas;Plena noite;Crescente;Ceu Claro;Múltipla;Reta;Urbano;2;2
777616;2010-09-26;Domingo;02:00:00;SP;116;133.0;CACAPAVA;Falta de atenção;Colisão com objeto fixo;Sem Vítimas;Plena noite;Crescente;Ceu Claro;Dupla;Reta;Urbano;3;3
777708;2010-09-29;Quarta;06:34:00;SP;116;217.0;GUARULHOS;Falta de atenção;Colisão lateral;Sem Vítimas;Pleno dia;Decrescente;Ceu Claro;Múltipla;Reta;Urbano;2;2
777735;2010-09-29;Quarta;10:40:00;SP;116;211.5;GUARULHOS;Falta de atenção;Colisão lateral;Sem Vítimas;Pleno dia;Decrescente;Nublado;Múltipla;Reta;Urbano;2;2
777778;2010-09-25;Sábado;19:00:00;SP;116;157.0;SAO JOSE DOS CAMPOS;Falta de atenção;Colisão traseira;Sem Vítimas;Plena noite;Decrescente;Ceu Claro;Múltipla;Reta;Urbano;2;2
777783;2010-09-27;Segunda;21:40:00;SP;116;225.0;GUARULHOS;Outras;Colisão com objeto fixo;Sem Vítimas;Plena noite;Crescente;Chuva;Múltipla;Reta;Urbano;1;1
777798;2010-09-27;Segunda;07:00:00;SP;116;225.7;GUARULHOS;Outras;Colisão traseira;Com Vítimas Feridas;Pleno dia;Crescente;Sol;Múltipla;Reta;Urbano;2;2
777883;2010-09-26;Domingo;12:25:00;SP;116;158.7;JACAREI;Defeito mecânico em veículo;Colisão com objeto fixo;Sem Vítimas;Pleno dia;Crescente;Chuva;Dupla;Reta;Urbano;1;1
778000;2010-09-29;Quarta;15:40:00;SP;116;228.0;SAO PAULO;Não guardar distância de segurança;Colisão traseira;Com Vítimas Feridas;Pleno dia;Crescente;Sol;Múltipla;Reta;Urbano;2;2
778098;2010-09-30;Quinta;06:20:00;SP;116;221.0;GUARULHOS;Não guardar distância de segurança;Colisão lateral;Com Vítimas Feridas;Amanhecer;Crescente;Ceu Claro;Múltipla;Reta;Urbano;3;2
778203;2010-09-28;Terça;23:10:00;SP;116;156.2;SAO JOSE DOS CAMPOS;Outras;Colisão com bicicleta;Com Vítimas Feridas;Plena noite;Crescente;Nublado;Dupla;Reta;Urbano;2;2
778240;2010-09-29;Quarta;07:10:00;SP;116;165.8;JACAREI;Não guardar distância de segurança;Colisão traseira;Sem Vítimas;Pleno dia;Decrescente;Nublado;Dupla;Reta;Urbano;2;2
778319;2010-09-30;Quinta;11:35:00;SP;116;132.0;CACAPAVA;Outras;Colisão com objeto móvel;Sem Vítimas;Pleno dia;Crescente;Nublado;Dupla;Reta;Rural;1;1
778344;2010-09-30;Quinta;13:15:00;SP;116;123.0;CACAPAVA;Outras;Capotamento;Sem Vítimas;Pleno dia;Crescente;Nublado;Dupla;Reta;Rural;2;2
778368;2010-09-30;Quinta;10:00:00;SP;116;110.9;TAUBATE;Falta de atenção;Colisão lateral;Com Vítimas Feridas;Pleno dia;Decrescente;Sol;Simples;Curva;Urbano;2;2
778509;2010-09-30;Quinta;11:40:00;SP;116;226.0;GUARULHOS;Outras;Colisão traseira;Com Vítimas Feridas;Pleno dia;Decrescente;Sol;Dupla;Reta;Urbano;2;2
778636;2010-09-30;Quinta;07:40:00;SP;116;226.8;GUARULHOS;Outras;Queda de motocicleta / bicicleta / veículo;Com Vítimas Feridas;Pleno dia;Crescente;Ceu Claro;Múltipla;Curva;Urbano;1;1
778638;2010-09-30;Quinta;11:30:00;SP;116;222.9;GUARULHOS;Outras;Incêndio;Sem Vítimas;Pleno dia;Decrescente;Ceu Claro;Múltipla;Reta;Urbano;1;1
778643;2010-10-01;Sexta;04:40:00;SP;116;125.8;CACAPAVA;Outras;Capotamento;Sem Vítimas;Plena noite;Crescente;Nublado;Dupla;Reta;Urbano;2;2
778644;2010-09-30;Quinta;22:10:00;SP;116;227.0;SAO PAULO;Falta de atenção;Colisão lateral;Com Vítimas Feridas;Plena noite;Decrescente;Ceu Claro;Múltipla;Curva;Urbano;2;2
778647;2010-09-27;Segunda;07:45:00;SP;116;147.6;SAO JOSE DOS CAMPOS;Falta de atenção;Colisão traseira;Sem Vítimas;Pleno dia;Crescente;Ceu Claro;Dupla;Reta;Urbano;3;3
778664;2010-09-28;Terça;07:20:00;SP;116;132.0;CACAPAVA;Outras;Capotamento;Sem Vítimas;Amanhecer;Decrescente;Ceu Claro;Dupla;Reta;Urbano;2;2
778684;2010-09-24;Sexta;19:20:00;SP;116;118.0;TAUBATE;Outras;Colisão com objeto móvel;Sem Vítimas;Plena noite;Crescente;Chuva;Dupla;Reta;Urbano;1;1
778747;2010-10-01;Sexta;08:15:00;SP;116;141.0;SAO JOSE DOS CAMPOS;Outras;Colisão lateral;Com Vítimas Feridas;Pleno dia;Decrescente;Nublado;Dupla;Reta;Urbano;3;3
778764;2010-10-01;Sexta;10:45:00;SP;116;210.0;GUARULHOS;Falta de atenção;Colisão lateral;Sem Vítimas;Pleno dia;Decrescente;Nublado;Dupla;Reta;Urbano;2;2
778799;2010-10-01;Sexta;08:30:00;SP;116;146.0;SAO JOSE DOS CAMPOS;Outras;Colisão lateral;Sem Vítimas;Pleno dia;Decrescente;Nublado;Dupla;Reta;Urbano;2;2
778919;2010-10-01;Sexta;09:15:00;SP;116;165.0;JACAREI;Falta de atenção;Colisão traseira;Sem Vítimas;Pleno dia;Decrescente;Nublado;Múltipla;Reta;Rural;2;2
778941;2010-09-30;Quinta;15:40:00;SP;116;222.0;GUARULHOS;Outras;Queda de motocicleta / bicicleta / veículo;Com Vítimas Feridas;Pleno dia;Crescente;Nublado;Simples;Reta;Urbano;1;1
778965;2010-10-01;Sexta;16:45:00;SP;116;103.0;TAUBATE;Outras;Colisão com objeto fixo;Sem Vítimas;Pleno dia;Crescente;Chuva;Dupla;Reta;Rural;4;4
779043;2010-10-01;Sexta;19:10:00;SP;116;215.0;GUARULHOS;Não guardar distância de segurança;Colisão traseira;Sem Vítimas;Plena noite;Crescente;Nublado;Múltipla;Reta;Urbano;2;2
779054;2010-10-01;Sexta;18:40:00;SP;116;148.1;SAO JOSE DOS CAMPOS;Falta de atenção;Colisão traseira;Com Vítimas Feridas;Plena noite;Decrescente;Chuva;Dupla;Reta;Urbano;2;2
779064;2010-10-01;Sexta;18:15:00;SP;116;155.8;SAO JOSE DOS CAMPOS;Outras;Colisão traseira;Sem Vítimas;Anoitecer;Crescente;Chuva;Múltipla;Reta;Urbano;2;2
779114;2010-09-29;Quarta;01:50:00;SP;116;121.6;CACAPAVA;Dormindo;Colisão traseira;Com Vítimas Feridas;Plena noite;Crescente;Nublado;Dupla;Reta;Urbano;2;2
779115;2010-10-01;Sexta;19:40:00;SP;116;217.0;GUARULHOS;Falta de atenção;Colisão lateral;Com Vítimas Feridas;Plena noite;Decrescente;Nublado;Múltipla;Reta;Urbano;2;2
779270;2010-10-01;Sexta;18:30:00;SP;116;148.3;SAO JOSE DOS CAMPOS;Não guardar distância de segurança;Colisão traseira;Sem Vítimas;Anoitecer;Decrescente;Chuva;Dupla;Reta;Urbano;2;2
779281;2010-10-01;Sexta;19:00:00;SP;116;150.0;SAO JOSE DOS CAMPOS;Outras;Colisão com objeto fixo;Sem Vítimas;Anoitecer;Decrescente;Chuva;Dupla;Reta;Urbano;1;1
779283;2010-10-02;Sábado;05:40:00;SP;116;209.0;GUARULHOS;Dormindo;Saída de Pista;Sem Vítimas;Plena noite;Crescente;Nublado;Dupla;Reta;Urbano;1;1
779448;2010-10-01;Sexta;06:45:00;SP;116;148.5;SAO JOSE DOS CAMPOS;Outras;Colisão traseira;Sem Vítimas;Pleno dia;Decrescente;Ceu Claro;Dupla;Reta;Urbano;4;4
779474;2010-09-20;Segunda;06:10:00;SP;116;222.9;GUARULHOS;Não guardar distância de segurança;Colisão lateral;Sem Vítimas;Plena noite;Crescente;Nublado;Dupla;Reta;Urbano;2;2
779492;2010-09-27;Segunda;13:10:00;SP;116;218.0;GUARULHOS;Outras;Colisão lateral;Com Vítimas Feridas;Pleno dia;Decrescente;Nublado;Dupla;Reta;Urbano;2;2
779499;2010-09-29;Quarta;17:30:00;SP;116;180.0;SANTA ISABEL;Outras;Colisão com objeto fixo;Sem Vítimas;Pleno dia;Crescente;Ceu Claro;Múltipla;Reta;Rural;1;1
779514;2010-09-30;Quinta;03:45:00;SP;116;179.4;GUARAREMA;Outras;Saída de Pista;Sem Vítimas;Plena noite;Decrescente;Chuva;Simples;Reta;Rural;2;2
779521;2010-09-27;Segunda;19:00:00;SP;116;220.0;GUARULHOS;Outras;Colisão lateral;Sem Vítimas;Anoitecer;Decrescente;Nublado;Múltipla;Reta;Urbano;2;2
779555;2010-09-29;Quarta;06:50:00;SP;116;218.0;GUARULHOS;Não guardar distância de segurança;Colisão traseira;Sem Vítimas;Pleno dia;Crescente;Nublado;Múltipla;Reta;Urbano;2;2
779642;2010-10-02;Sábado;18:44:00;SP;116;119.9;CACAPAVA;Outras;Colisão com objeto móvel;Com Vítimas Feridas;Plena noite;Crescente;Nublado;Dupla;Reta;Rural;2;2
779820;2010-10-03;Domingo;07:00:00;SP;116;204.5;ARUJA;Desobediência à sinalização;Colisão com objeto fixo;Sem Vítimas;Pleno dia;Decrescente;Nublado;Múltipla;Reta;Urbano;1;1
779873;2010-09-29;Quarta;20:10:00;SP;116;163.9;JACAREI;Ingestão de álcool;Colisão com objeto fixo;Sem Vítimas;Plena noite;Crescente;Nublado;Dupla;Reta;Urbano;1;1
779890;2010-09-30;Quinta;08:00:00;SP;116;144.0;SAO JOSE DOS CAMPOS;Outras;Colisão lateral;Com Vítimas Feridas;Pleno dia;Crescente;Nublado;Dupla;Reta;Urbano;3;2
779891;2010-09-29;Quarta;13:30:00;SP;116;103.0;PINDAMONHANGABA;Falta de atenção;Colisão traseira;Sem Vítimas;Pleno dia;Crescente;Nublado;Dupla;Reta;Rural;2;2
779950;2010-10-03;Domingo;11:00:00;SP;116;221.0;GUARULHOS;Outras;Queda de motocicleta / bicicleta / veículo;Com Vítimas Fatais;Pleno dia;Decrescente;Nublado;Simples;Reta;Urbano;1;1
780028;2010-10-03;Domingo;14:10:00;SP;116;221.0;GUARULHOS;Não guardar distância de segurança;Colisão traseira;Sem Vítimas;Pleno dia;Decrescente;Nublado;Múltipla;Reta;Urbano;3;3
780035;2010-09-27;Segunda;07:25:00;SP;116;159.0;JACAREI;Falta de atenção;Colisão traseira;Sem Vítimas;Pleno dia;Decrescente;Nublado;Dupla;Reta;Urbano;3;3
780055;2010-09-27;Segunda;05:40:00;SP;116;222.0;GUARULHOS;Outras;Colisão lateral;Sem Vítimas;Amanhecer;Crescente;Ceu Claro;Múltipla;Reta;Urbano;2;2
780083;2010-09-27;Segunda;09:30:00;SP;116;216.9;GUARULHOS;Falta de atenção;Colisão lateral;Sem Vítimas;Pleno dia;Crescente;Nublado;Múltipla;Reta;Urbano;2;2
780087;2010-10-03;Domingo;21:30:00;SP;116;139.0;SAO JOSE DOS CAMPOS;Falta de atenção;Tombamento;Com Vítimas Feridas;Plena noite;Crescente;Ceu Claro;Dupla;Reta;Urbano;1;1
780111;2010-09-27;Segunda;14:30:00;SP;116;218.8;GUARULHOS;Não guardar distância de segurança;Colisão traseira;Sem Vítimas;Pleno dia;Crescente;Ceu Claro;Múltipla;Reta;Urbano;4;4
780194;2010-10-04;Segunda;01:20:00;SP;116;221.8;GUARULHOS;Falta de atenção;Colisão lateral;Sem Vítimas;Plena noite;Decrescente;Nublado;Múltipla;Reta;Urbano;3;3
780372;2010-10-01;Sexta;21:30:00;SP;116;216.8;GUARULHOS;Outras;Colisão com objeto fixo;Sem Vítimas;Plena noite;Decrescente;Nublado;Múltipla;Reta;Urbano;2;2
780404;2010-09-29;Quarta;13:35:00;SP;116;218.5;GUARULHOS;Não guardar distância de segurança;Colisão traseira;Sem Vítimas;Pleno dia;Decrescente;Nublado;Múltipla;Reta;Urbano;2;2
780449;2010-10-04;Segunda;06:15:00;SP;116;180.8;GUARAREMA;Outras;Colisão traseira;Sem Vítimas;Amanhecer;Crescente;Nublado;Múltipla;Reta;Rural;2;2
780465;2010-09-25;Sábado;21:10:00;SP;116;145.0;SAO JOSE DOS CAMPOS;Ingestão de álcool;Colisão traseira;Sem Vítimas;Plena noite;Decrescente;Ceu Claro;Dupla;Reta;Urbano;2;2
780479;2010-10-04;Segunda;08:10:00;SP;116;121.5;CACAPAVA;Outras;Colisão lateral;Sem Vítimas;Pleno dia;Crescente;Nublado;Dupla;Reta;Rural;2;2
780541;2010-10-02;Sábado;00:45:00;SP;116;169.8;JACAREI;Outras;Tombamento;Sem Vítimas;Plena noite;Decrescente;Nublado;Dupla;Reta;Urbano;1;1
780578;2010-10-04;Segunda;09:50:00;SP;116;205.0;GUARULHOS;Outras;Colisão com objeto móvel;Sem Vítimas;Pleno dia;Decrescente;Nublado;Dupla;Reta;Urbano;1;1
780580;2010-10-04;Segunda;07:20:00;SP;116;144.0;SAO JOSE DOS CAMPOS;Outras;Colisão traseira;Sem Vítimas;Amanhecer;Crescente;Nublado;Dupla;Reta;Rural;3;3
780583;2010-10-04;Segunda;21:30:00;SP;116;222.0;GUARULHOS;Outras;Colisão lateral;Sem Vítimas;Plena noite;Decrescente;Nublado;Múltipla;Reta;Urbano;2;2
780591;2010-10-04;Segunda;19:30:00;SP;116;215.4;GUARULHOS;Outras;Queda de motocicleta / bicicleta / veículo;Com Vítimas Feridas;Plena noite;Decrescente;Nublado;Múltipla;Reta;Urbano;1;1
780604;2010-10-04;Segunda;17:00:00;SP;116;104.6;TAUBATE;Ingestão de álcool;Colisão lateral;Sem Vítimas;Pleno dia;Crescente;Nublado;Dupla;Reta;Rural;2;2
780605;2010-10-04;Segunda;20:00:00;SP;116;110.4;TAUBATE;Outras;Colisão traseira;Sem Vítimas;Plena noite;Decrescente;Chuva;Dupla;Reta;Urbano;3;3
780908;2010-10-05;Terça;09:30:00;SP;116;134.0;CACAPAVA;Outras;Colisão traseira;Sem Vítimas;Pleno dia;Crescente;Ceu Claro;Dupla;Reta;Rural;2;2
780915;2010-10-01;Sexta;19:39:00;SP;116;115.6;TAUBATE;Outras;Colisão traseira;Sem Vítimas;Plena noite;Decrescente;Chuva;Dupla;Reta;Urbano;3;3
780916;2010-09-30;Quinta;23:00:00;SP;116;149.0;SAO JOSE DOS CAMPOS;Outras;Atropelamento de pessoa;Com Vítimas Fatais;Plena noite;Decrescente;Nublado;Dupla;Reta;Urbano;2;1
780942;2010-10-01;Sexta;21:30:00;SP;116;117.7;TAUBATE;Outras;Colisão traseira;Sem Vítimas;Plena noite;Decrescente;Nublado;Dupla;Reta;Rural;4;4
780956;2010-09-30;Quinta;09:10:00;SP;116;158.0;JACAREI;Outras;Colisão traseira;Com Vítimas Feridas;Pleno dia;Decrescente;Nublado;Simples;Reta;Urbano;2;2
780966;2010-10-02;Sábado;02:00:00;SP;116;129.0;CACAPAVA;Outras;Colisão com objeto fixo;Sem Vítimas;Amanhecer;Decrescente;Ceu Claro;Simples;Reta;Urbano;1;1
780987;2010-10-02;Sábado;03:00:00;SP;116;101.1;PINDAMONHANGABA;Outras;Colisão traseira;Sem Vítimas;Plena noite;Decrescente;Nublado;Dupla;Reta;Rural;2;2
781000;2010-10-01;Sexta;00:15:00;SP;116;150.0;SAO JOSE DOS CAMPOS;Outras;Colisão lateral;Sem Vítimas;Plena noite;Crescente;Nublado;Dupla;Reta;Urbano;2;2
781012;2010-10-05;Terça;10:10:00;SP;116;113.0;TAUBATE;Outras;Colisão com objeto fixo;Sem Vítimas;Pleno dia;Crescente;Ceu Claro;Dupla;Reta;Urbano;1;1
781040;2010-10-01;Sexta;06:00:00;SP;116;145.0;SAO JOSE DOS CAMPOS;Não guardar distância de segurança;Colisão traseira;Sem Vítimas;Amanhecer;Decrescente;Nublado;Dupla;Reta;Urbano;2;2
781053;2010-10-05;Terça;10:20:00;SP;116;145.0;SAO JOSE DOS CAMPOS;Outras;Colisão lateral;Sem Vítimas;Pleno dia;Decrescente;Ceu Claro;Dupla;Reta;Urbano;2;2
781151;2010-09-30;Quinta;19:10:00;SP;116;221.0;GUARULHOS;Outras;Queda de motocicleta / bicicleta / veículo;Com Vítimas Feridas;Plena noite;Crescente;Ceu Claro;Múltipla;Reta;Urbano;1;1
781160;2010-10-05;Terça;12:30:00;SP;116;229.0;SAO PAULO;Outras;Colisão traseira;Com Vítimas Feridas;Pleno dia;Crescente;Nublado;Dupla;Reta;Urbano;2;2
781293;2010-10-03;Domingo;04:50:00;SP;116;138.4;SAO JOSE DOS CAMPOS;Ingestão de álcool;Colisão traseira;Com Vítimas Feridas;Plena noite;Decrescente;Nublado;Dupla;Reta;Urbano;4;2
781304;2010-10-06;Quarta;07:30:00;SP;116;210.0;GUARULHOS;Falta de atenção;Colisão traseira;Sem Vítimas;Pleno dia;Crescente;Ceu Claro;Múltipla;Reta;Urbano;3;3
781434;2010-10-04;Segunda;17:00:00;SP;116;154.5;SAO JOSE DOS CAMPOS;Falta de atenção;Colisão frontal;Sem Vítimas;Plena noite;Crescente;Ceu Claro;Dupla;Reta;Urbano;2;2
781459;2010-10-05;Terça;07:35:00;SP;116;155.0;SAO JOSE DOS CAMPOS;Outras;Colisão traseira;Sem Vítimas;Pleno dia;Decrescente;Ceu Claro;Dupla;Reta;Urbano;2;2
781480;2010-10-01;Sexta;07:45:00;SP;116;149.0;SAO JOSE DOS CAMPOS;Outras;Colisão traseira;Sem Vítimas;Pleno dia;Decrescente;Nublado;Dupla;Reta;Urbano;5;5
781512;2010-10-02;Sábado;19:30:00;SP;116;135.0;SAO JOSE DOS CAMPOS;Outras;Colisão traseira;Com Vítimas Feridas;Plena noite;Crescente;Chuva;Dupla;Reta;Urbano;2;2
781534;2010-10-06;Quarta;08:10:00;SP;116;208.0;GUARULHOS;Falta de atenção;Colisão traseira;Sem Vítimas;Pleno dia;Crescente;Sol;Dupla;Reta;Urbano;2;2
781566;2010-10-06;Quarta;14:00:00;SP;116;217.0;GUARULHOS;Falta de atenção;Colisão traseira;Sem Vítimas;Pleno dia;Crescente;Ceu Claro;Múltipla;Reta;Urbano;2;2
781582;2010-10-06;Quarta;06:13:00;SP;116;214.0;GUARULHOS;Falta de atenção;Colisão com objeto fixo;Ignorado;Amanhecer;Decrescente;Ceu Claro;Múltipla;Reta;Urbano;1;1
781585;2010-10-06;Quarta;14:30:00;SP;116;220.0;GUARULHOS;Falta de atenção;Colisão traseira;Sem Vítimas;Pleno dia;Decrescente;Ceu Claro;Múltipla;Reta;Urbano;2;2
781596;2010-10-01;Sexta;16:00:00;SP;116;228.0;GUARULHOS;Outras;Colisão traseira;Sem Vítimas;Pleno dia;Decrescente;Nublado;Múltipla;Reta;Urbano;2;2
781603;2010-10-03;Domingo;03:00:00;SP;116;221.0;GUARULHOS;Falta de atenção;Colisão lateral;Sem Vítimas;Plena noite;Decrescente;Ceu Claro;Múltipla;Reta;Urbano;2;2
781609;2010-10-06;Quarta;13:20:00;SP;116;202.8;GUARULHOS;Falta de atenção;Colisão traseira;Sem Vítimas;Pleno dia;Crescente;Ceu Claro;Dupla;Reta;Urbano;2;2
781624;2010-10-04;Segunda;23:00:00;SP;116;217.0;GUARULHOS;Outras;Colisão lateral;Com Vítimas Feridas;Plena noite;Decrescente;Nublado;Múltipla;Reta;Urbano;2;2
781627;2010-10-06;Quarta;17:15:00;SP;116;122.0;CACAPAVA;Outras;Colisão lateral;Sem Vítimas;Pleno dia;Crescente;Ceu Claro;Simples;Reta;Rural;2;2
781634;2010-10-05;Terça;06:50:00;SP;116;225.0;GUARULHOS;Outras;Colisão com objeto móvel;Sem Vítimas;Pleno dia;Decrescente;Nublado;Múltipla;Reta;Urbano;2;2
781639;2010-10-06;Quarta;15:40:00;SP;116;210.5;GUARULHOS;Falta de atenção;Colisão traseira;Sem Vítimas;Pleno dia;Decrescente;Ceu Claro;Múltipla;Reta;Urbano;2;2
781706;2010-10-06;Quarta;10:30:00;SP;116;227.0;GUARULHOS;Falta de atenção;Queda de motocicleta / bicicleta / veículo;Com Vítimas Feridas;Pleno dia;Decrescente;Ceu Claro;Múltipla;Reta;Urbano;3;2
781731;2010-10-06;Quarta;09:30:00;SP;116;223.0;GUARULHOS;Falta de atenção;Colisão traseira;Sem Vítimas;Pleno dia;Decrescente;Ceu Claro;Dupla;Reta;Urbano;2;2
781746;2010-10-06;Quarta;14:00:00;SP;116;228.0;SAO PAULO;Falta de atenção;Colisão traseira;Com Vítimas Feridas;Pleno dia;Decrescente;Ceu Claro;Múltipla;Reta;Urbano;2;2
782063;2010-10-07;Quinta;17:18:00;SP;116;210.5;GUARULHOS;Desobediência à sinalização;Colisão lateral;Sem Vítimas;Pleno dia;Decrescente;Chuva;Simples;Reta;Urbano;2;2
782083;2010-10-07;Quinta;12:30:00;SP;116;99.4;PINDAMONHANGABA;Outras;Colisão lateral;Com Vítimas Feridas;Pleno dia;Crescente;Nublado;Dupla;Reta;Urbano;2;2
782151;2010-10-07;Quinta;20:35:00;SP;116;118.7;TAUBATE;Outras;Colisão lateral;Sem Vítimas;Plena noite;Crescente;Chuva;Dupla;Reta;Rural;2;2
782186;2010-10-03;Domingo;16:30:00;SP;116;222.0;GUARULHOS;Não guardar distância de segurança;Colisão lateral;Sem Vítimas;Pleno dia;Decrescente;Ceu Claro;Dupla;Reta;Urbano;2;2
782320;2010-10-07;Quinta;11:30:00;SP;116;228.8;GUARULHOS;Outras;Colisão traseira;Sem Vítimas;Pleno dia;Crescente;Nublado;Múltipla;Reta;Urbano;2;2
782325;2010-10-07;Quinta;07:50:00;SP;116;217.9;GUARULHOS;Outras;Colisão lateral;Com Vítimas Feridas;Pleno dia;Crescente;Ceu Claro;Múltipla;Reta;Urbano;2;2
782385;2010-10-05;Terça;16:40:00;SP;116;159.0;SAO JOSE DOS CAMPOS;Não guardar distância de segurança;Colisão traseira;Sem Vítimas;Pleno dia;Decrescente;Nublado;Dupla;Reta;Urbano;2;2
782404;2010-10-02;Sábado;19:50:00;SP;116;135.0;SAO JOSE DOS CAMPOS;Animais na Pista;Colisão com objeto fixo;Sem Vítimas;Plena noite;Decrescente;Chuva;Dupla;Reta;Urbano;1;1
782415;2010-10-02;Sábado;06:00:00;SP;116;218.0;GUARULHOS;Falta de atenção;Colisão traseira;Sem Vítimas;Pleno dia;Crescente;Nublado;Dupla;Reta;Urbano;3;3