id;data_inversa;dia_semana;horario;uf;br;km;municipio;causa_acidente;tipo_acidente;classificacao_acidente;fase_dia;sentido_via;condicao_metereologica;tipo_pista;tracado_via;uso_solo;pessoas;veiculos
814297;2010-12-06;Segunda;21:30:00;SP;116;213.0;GUARULHOS;Outras;Atropelamento de pessoa;Com Vítimas Feridas;Plena noite;Decrescente;Chuva;Múltipla;Reta;Urbano;2;1
814442;2010-12-07;Terça;05:15:00;SP;116;165.0;JACAREI;Outras;Colisão lateral;Sem Vítimas;Plena noite;Crescente;Nublado;Múltipla;Reta;Rural;2;2
814450;2010-12-07;Terça;01:30:00;SP;116;212.0;GUARULHOS;Falta de atenção;Colisão traseira;Sem Vítimas;Plena noite;Crescente;Chuva;Múltipla;Reta;Urbano;2;2
814468;2010-12-03;Sexta;22:35:00;SP;116;143.1;SAO JOSE DOS CAMPOS;Outras;Colisão traseira;Com Vítimas Feridas;Plena noite;Decrescente;Chuva;Dupla;Reta;Urbano;2;2
814469;2010-12-05;Domingo;07:45:00;SP;116;186.4;SANTA ISABEL;Outras;Queda de motocicleta / bicicleta / veículo;Com Vítimas Feridas;Pleno dia;Decrescente;Ceu Claro;Dupla;Curva;Rural;2;2
814483;2010-12-04;Sábado;00:30:00;SP;116;213.0;GUARULHOS;Outras;Colisão lateral;Sem Vítimas;Plena noite;Crescente;Nublado;Múltipla;Reta;Urbano;2;2
814529;2010-12-06;Segunda;01:00:00;SP;116;157.5;SAO JOSE DOS CAMPOS;Falta de atenção;Colisão traseira;Com Vítimas Feridas;Plena noite;Decrescente;Nublado;Múltipla;Reta;Urbano;5;3
814558;2010-12-04;Sábado;10:45:00;SP;116;180.9;GUARAREMA;Falta de atenção;Colisão traseira;Sem Vítimas;Pleno dia;Crescente;Ceu Claro;Múltipla;Reta;Rural;2;2
814630;2010-12-03;Sexta;17:40:00;SP;116;229.0;SAO PAULO;Outras;Colisão lateral;Com Vítimas Feridas;Pleno dia;Decrescente;Nublado;Múltipla;Reta;Urbano;3;3
814661;2010-12-05;Domingo;15:30:00;SP;116;103.3;TAUBATE;Falta de atenção;Colisão traseira;Sem Vítimas;Pleno dia;Crescente;Chuva;Dupla;Reta;Rural;3;3
814715;2010-12-07;Terça;16:00:00;SP;116;185.0;SANTA ISABEL;Outras;Tombamento;Sem Vítimas;Pleno dia;Crescente;Chuva;Dupla;Reta;Rural;1;1
814730;2010-12-07;Terça;16:01:00;SP;116;185.0;SANTA ISABEL;Não guardar distância de segurança;Colisão traseira;Sem Vítimas;Pleno dia;Crescente;Chuva;Dupla;Reta;Rural;2;2
814810;2010-12-05;Domingo;19:15:00;SP;116;112.5;TAUBATE;Falta de atenção;Colisão traseira;Sem Vítimas;Anoitecer;Crescente;Chuva;Dupla;Reta;Urbano;2;2
814840;2010-11-29;Segunda;21:00:00;SP;116;223.0;GUARULHOS;Outras;Colisão lateral;Sem Vítimas;Pleno dia;Decrescente;Ceu Claro;Múltipla;Reta;Urbano;2;2
814889;2010-12-05;Domingo;23:00:00;SP;116;220.0;GUARULHOS;Falta de atenção;Colisão com objeto fixo;Sem Vítimas;Plena noite;Decrescente;Chuva;Múltipla;Reta;Urbano;1;1
814928;2010-12-07;Terça;17:50:00;SP;116;134.0;CACAPAVA;Outras;Colisão traseira;Sem Vítimas;Pleno dia;Crescente;Chuva;Dupla;Reta;Rural;3;3
814993;2010-12-07;Terça;10:30:00;SP;116;229.0;SAO PAULO;Outras;Colisão lateral;Sem Vítimas;Pleno dia;Crescente;Sol;Múltipla;Reta;Urbano;2;2
815000;2010-12-07;Terça;07:50:00;SP;116;219.0;GUARULHOS;Não guardar distância de segurança;Colisão traseira;Sem Vítimas;Pleno dia;Decrescente;Sol;Múltipla;Reta;Urbano;2;2
815045;2010-12-04;Sábado;09:10:00;SP;116;99.0;PINDAMONHANGABA;Outras;Colisão lateral;Sem Vítimas;Plena noite;Decrescente;Ceu Claro;Dupla;Reta;Urbano;2;2
815073;2010-12-05;Domingo;21:50:00;SP;116;224.5;GUARULHOS;Não guardar distância de segurança;Colisão traseira;Com Vítimas Feridas;Plena noite;Decrescente;Nublado;Múltipla;Reta;Urbano;3;2
815094;2010-12-05;Domingo;16:35:00;SP;116;229.4;GUARULHOS;Defeito mecânico em veículo;Colisão traseira;Sem Vítimas;Pleno dia;Crescente;Chuva;Múltipla;Reta;Urbano;2;2
815104;2010-12-04;Sábado;14:20:00;SP;116;142.2;SAO JOSE DOS CAMPOS;Outras;Colisão com bicicleta;Com Vítimas Fatais;Pleno dia;Crescente;Ceu Claro;Simples;Reta;Rural;2;2
815105;2010-11-11;Quinta;10:30:00;SP;116;168.0;JACAREI;Velocidade incompatível;Capotamento;Sem Vítimas;Pleno dia;Crescente;Nublado;Dupla;Reta;Rural;1;1
815120;2010-12-08;Quarta;07:30:00;SP;116;157.0;SAO JOSE DOS CAMPOS;Falta de atenção;Colisão traseira;Sem Vítimas;Pleno dia;Decrescente;Nublado;Dupla;Reta;Urbano;4;4
815239;2010-12-08;Quarta;13:00:00;SP;116;226.0;GUARULHOS;Outras;Colisão traseira;Sem Vítimas;Pleno dia;Decrescente;Sol;Múltipla;Reta;Urbano;2;2
815245;2010-12-07;Terça;21:30:00;SP;116;216.0;GUARULHOS;Outras;Colisão traseira;Com Vítimas Feridas;Plena noite;Decrescente;Ceu Claro;Múltipla;Reta;Urbano;4;4
815279;2010-12-08;Quarta;13:40:00;SP;116;117.9;TAUBATE;Outras;Colisão lateral;Sem Vítimas;Pleno dia;Crescente;Ceu Claro;Dupla;Reta;Urbano;2;2
815361;2010-12-08;Quarta;16:20:00;SP;116;125.0;CACAPAVA;Outras;Colisão lateral;Sem Vítimas;Pleno dia;Decrescente;Ceu Claro;Dupla;Reta;Urbano;3;3
815403;2010-12-08;Quarta;19:30:00;SP;116;108.8;TAUBATE;Outras;Colisão com objeto fixo;Sem Vítimas;Plena noite;Decrescente;Ceu Claro;Dupla;Reta;Urbano;1;1
815427;2010-12-08;Quarta;17:00:00;SP;116;99.0;PINDAMONHANGABA;Outras;Colisão traseira;Sem Vítimas;Pleno dia;Decrescente;Ceu Claro;Dupla;Reta;Urbano;2;2
815439;2010-12-08;Quarta;17:40:00;SP;116;226.0;GUARULHOS;Não guardar distância de segurança;Colisão lateral;Com Vítimas Feridas;Pleno dia;Decrescente;Sol;Dupla;Reta;Urbano;2;2
815443;2010-11-30;Terça;18:00:00;SP;116;229.0;SAO PAULO;Outras;Colisão traseira;Sem Vítimas;Pleno dia;Decrescente;Nublado;Dupla;Reta;Urbano;2;2
815608;2010-12-03;Sexta;14:45:00;SP;116;157.9;JACAREI;Outras;Colisão com objeto fixo;Sem Vítimas;Pleno dia;Crescente;Ceu Claro;Múltipla;Reta;Urbano;2;2
815637;2010-12-07;Terça;18:15:00;SP;116;145.3;SAO JOSE DOS CAMPOS;Outras;Colisão traseira;Sem Vítimas;Pleno dia;Decrescente;Chuva;Múltipla;Reta;Urbano;3;3
815714;2010-12-05;Domingo;06:10:00;SP;116;155.0;SAO JOSE DOS CAMPOS;Falta de atenção;Colisão traseira;Sem Vítimas;Amanhecer;Crescente;Nublado;Dupla;Reta;Urbano;2;2
815749;2010-12-06;Segunda;17:30:00;SP;116;158.0;JACAREI;Outras;Colisão traseira;Sem Vítimas;Pleno dia;Decrescente;Nublado;Dupla;Reta;Urbano;2;2
815827;2010-12-08;Quarta;21:00:00;SP;116;227.0;SAO PAULO;Outras;Tombamento;Com Vítimas Feridas;Plena noite;Crescente;Nublado;Múltipla;Reta;Urbano;3;2
815841;2010-11-30;Terça;17:10:00;SP;116;197.0;ARUJA;Outras;Colisão com objeto fixo;Sem Vítimas;Pleno dia;Crescente;Chuva;Simples;Curva;Rural;1;1
815848;2010-12-09;Quinta;15:30:00;SP;116;209.0;GUARULHOS;Falta de atenção;Colisão traseira;Sem Vítimas;Pleno dia;Crescente;Ceu Claro;Dupla;Reta;Urbano;3;3
815850;2010-12-09;Quinta;15:00:00;SP;116;210.0;GUARULHOS;Falta de atenção;Colisão traseira;Sem Vítimas;Pleno dia;Crescente;Ceu Claro;Múltipla;Reta;Urbano;4;4
815854;2010-12-06;Segunda;06:30:00;SP;116;225.0;GUARULHOS;Falta de atenção;Colisão traseira;Sem Vítimas;Pleno dia;Crescente;Ceu Claro;Múltipla;Reta;Urbano;2;2
815872;2010-12-08;Quarta;10:45:00;SP;116;162.0;JACAREI;Falta de atenção;Colisão traseira;Sem Vítimas;Pleno dia;Decrescente;Sol;Dupla;Reta;Rural;4;4
815903;2010-12-09;Quinta;18:10:00;SP;116;145.0;SAO JOSE DOS CAMPOS;Outras;Colisão lateral;Sem Vítimas;Pleno dia;Crescente;Ceu Claro;Dupla;Reta;Urbano;2;2
815974;2010-12-09;Quinta;18:30:00;SP;116;212.0;GUARULHOS;Falta de atenção;Colisão traseira;Sem Vítimas;Pleno dia;Decrescente;Ceu Claro;Múltipla;Reta;Urbano;2;2
816005;2010-12-05;Domingo;16:30:00;SP;116;229.2;SAO PAULO;Outras;Colisão com objeto fixo;Sem Vítimas;Pleno dia;Crescente;Ceu Claro;Dupla;Reta;Urbano;1;1
816008;2010-12-05;Domingo;16:50:00;SP;116;229.3;SAO PAULO;Falta de atenção;Colisão lateral;Sem Vítimas;Pleno dia;Crescente;Chuva;Múltipla;Reta;Urbano;2;2
816010;2010-12-06;Segunda;05:45:00;SP;116;228.0;SAO PAULO;Falta de atenção;Colisão traseira;Com Vítimas Feridas;Amanhecer;Crescente;Ceu Claro;Dupla;Reta;Urbano;3;2
816111;2010-12-08;Quarta;11:00:00;SP;116;227.0;GUARULHOS;Outras;Colisão lateral;Com Vítimas Feridas;Pleno dia;Crescente;Nublado;Múltipla;Reta;Urbano;4;3
816129;2010-12-07;Terça;02:40:00;SP;116;104.0;PINDAMONHANGABA;Falta de atenção;Colisão traseira;Sem Vítimas;Plena noite;Decrescente;Ceu Claro;Dupla;Reta;Rural;2;2
816165;2010-11-26;Sexta;23:10:00;SP;116;219.5;GUARULHOS;Outras;Colisão com objeto fixo;Sem Vítimas;Plena noite;Crescente;Ceu Claro;Múltipla;Reta;Urbano;2;2
816206;2010-12-03;Sexta;23:05:00;SP;116;145.3;SAO JOSE DOS CAMPOS;Não guardar distância de segurança;Colisão traseira;Sem Vítimas;Plena noite;Decrescente;Nublado;Dupla;Reta;Urbano;5;5
816329;2010-12-10;Sexta;08:00:00;SP;116;140.0;SAO JOSE DOS CAMPOS;Falta de atenção;Capotamento;Sem Vítimas;Pleno dia;Decrescente;Sol;Dupla;Reta;Urbano;2;2
816343;2010-12-08;Quarta;16:30:00;SP;116;145.5;SAO JOSE DOS CAMPOS;Falta de atenção;Colisão traseira;Sem Vítimas;Pleno dia;Crescente;Sol;Dupla;Reta;Urbano;3;3
816368;2010-12-07;Terça;15:30:00;SP;116;210.0;GUARULHOS;Outras;Colisão traseira;Com Vítimas Feridas;Pleno dia;Decrescente;Ceu Claro;Simples;Reta;Urbano;3;2
816373;2010-12-08;Quarta;20:10:00;SP;116;145.0;SAO JOSE DOS CAMPOS;Falta de atenção;Colisão lateral;Sem Vítimas;Plena noite;Crescente;Ceu Claro;Dupla;Reta;Urbano;2;2
816388;2010-12-07;Terça;19:00:00;SP;116;219.0;GUARULHOS;Outras;Colisão traseira;Sem Vítimas;Plena noite;Crescente;Nublado;Múltipla;Reta;Urbano;2;2
816400;2010-12-07;Terça;18:30:00;SP;116;216.0;GUARULHOS;Não guardar distância de segurança;Colisão traseira;Sem Vítimas;Pleno dia;Crescente;Sol;Múltipla;Reta;Urbano;3;3
816419;2010-12-09;Quinta;00:40:00;SP;116;166.9;JACAREI;Defeito mecânico em veículo;Incêndio;Sem Vítimas;Plena noite;Crescente;Chuva;Dupla;Reta;Rural;1;1
816446;2010-12-09;Quinta;04:00:00;SP;116;155.5;SAO JOSE DOS CAMPOS;Outras;Saída de Pista;Sem Vítimas;Plena noite;Crescente;Ceu Claro;Dupla;Reta;Urbano;2;2
816454;2010-12-10;Sexta;14:45:00;SP;116;213.9;GUARULHOS;Falta de atenção;Colisão traseira;Com Vítimas Feridas;Plena noite;Decrescente;Sol;Múltipla;Reta;Urbano;3;3
816495;2010-12-09;Quinta;13:30:00;SP;116;165.0;JACAREI;Outras;Colisão traseira;Sem Vítimas;Pleno dia;Crescente;Sol;Múltipla;Reta;Urbano;2;2
816748;2010-12-08;Quarta;03:00:00;SP;116;124.4;CACAPAVA;Outras;Colisão traseira;Com Vítimas Feridas;Plena noite;Crescente;Ceu Claro;Dupla;Reta;Rural;3;3
816871;2010-12-09;Quinta;23:50:00;SP;116;160.0;JACAREI;Outras;Tombamento;Sem Vítimas;Plena noite;Decrescente;Ceu Claro;Dupla;Reta;Urbano;1;1
816893;2010-12-10;Sexta;07:45:00;SP;116;157.0;SAO JOSE DOS CAMPOS;Falta de atenção;Colisão lateral;Sem Vítimas;Pleno dia;Decrescente;Ceu Claro;Dupla;Reta;Urbano;2;2
816946;2010-12-08;Quarta;13:30:00;SP;116;227.0;GUARULHOS;Outras;Colisão traseira;Sem Vítimas;Pleno dia;Decrescente;Nublado;Múltipla;Curva;Urbano;2;2
817006;2010-12-08;Quarta;19:10:00;SP;116;229.0;SAO PAULO;Outras;Queda de motocicleta / bicicleta / veículo;Com Vítimas Feridas;Anoitecer;Decrescente;Nublado;Dupla;Reta;Urbano;2;1
817061;2010-12-11;Sábado;20:15:00;SP;116;157.0;SAO JOSE DOS CAMPOS;Outras;Colisão traseira;Sem Vítimas;Plena noite;Decrescente;Nublado;Dupla;Reta;Urbano;2;2
817132;2010-12-09;Quinta;16:40:00;SP;116;100.5;PINDAMONHANGABA;Outras;Queda de motocicleta / bicicleta / veículo;Com Vítimas Feridas;Pleno dia;Decrescente;Ceu Claro;Dupla;Reta;Urbano;1;1
817143;2010-12-08;Quarta;10:05:00;SP;116;165.0;JACAREI;Outras;Colisão traseira;Sem Vítimas;Pleno dia;Crescente;Ceu Claro;Múltipla;Reta;Rural;2;2
817171;2010-12-11;Sábado;16:15:00;SP;116;143.0;SAO JOSE DOS CAMPOS;Falta de atenção;Colisão traseira;Sem Vítimas;Pleno dia;Crescente;Sol;Dupla;Reta;Urbano;4;4
817173;2010-12-11;Sábado;16:00:00;SP;116;227.0;SAO PAULO;Outras;Tombamento;Sem Vítimas;Pleno dia;Decrescente;Nublado;Múltipla;Reta;Urbano;1;1
817282;2010-12-08;Quarta;07:35:00;SP;116;125.0;CACAPAVA;Outras;Colisão traseira;Sem Vítimas;Amanhecer;Crescente;Ceu Claro;Simples;Reta;Rural;2;2
817287;2010-12-06;Segunda;18:00:00;SP;116;220.0;GUARULHOS;Não guardar distância de segurança;Colisão lateral;Sem Vítimas;Pleno dia;Decrescente;Ceu Claro;Múltipla;Reta;Urbano;2;2
817324;2010-12-08;Quarta;15:05:00;SP;116;141.8;SAO JOSE DOS CAMPOS;Outras;Colisão com objeto fixo;Sem Vítimas;Pleno dia;Crescente;Ceu Claro;Simples;Reta;Urbano;2;2
817325;2010-12-09;Quinta;20:00:00;SP;116;228.0;SAO PAULO;Outras;Colisão lateral;Com Vítimas Feridas;Plena noite;Decrescente;Ceu Claro;Múltipla;Reta;Urbano;2;2
817334;2010-12-12;Domingo;08:10:00;SP;116;199.0;ARUJA;Outras;Queda de motocicleta / bicicleta / veículo;Com Vítimas Feridas;Pleno dia;Crescente;Ceu Claro;Dupla;Reta;Rural;1;1
817345;2010-12-09;Quinta;08:50:00;SP;116;226.0;GUARULHOS;Falta de atenção;Colisão lateral;Sem Vítimas;Pleno dia;Decrescente;Ceu Claro;Simples;Curva;Urbano;2;2
817425;2010-12-09;Quinta;14:40:00;SP;116;144.0;SAO JOSE DOS CAMPOS;Não guardar distância de segurança;Colisão traseira;Sem Vítimas;Pleno dia;Crescente;Ceu Claro;Múltipla;Reta;Urbano;3;3
817433;2010-12-05;Domingo;15:35:00;SP;116;191.9;SANTA ISABEL;Velocidade incompatível;Tombamento;Sem Vítimas;Pleno dia;Decrescente;Chuva;Dupla;Reta;Rural;1;1
817473;2010-12-07;Terça;17:00:00;SP;116;152.0;SAO JOSE DOS CAMPOS;Velocidade incompatível;Colisão traseira;Sem Vítimas;Pleno dia;Crescente;Chuva;Dupla;Reta;Urbano;2;2
817474;2010-12-12;Domingo;14:31:00;SP;116;211.0;GUARULHOS;Falta de atenção;Colisão lateral;Sem Vítimas;Pleno dia;Decrescente;Ceu Claro;Múltipla;Reta;Urbano;2;2
817496;2010-12-12;Domingo;14:45:00;SP;116;140.2;SAO JOSE DOS CAMPOS;Não guardar distância de segurança;Colisão traseira;Sem Vítimas;Pleno dia;Crescente;Ceu Claro;Dupla;Reta;Urbano;2;2
817509;2010-12-09;Quinta;13:40:00;SP;116;157.0;SAO JOSE DOS CAMPOS;Falta de atenção;Colisão traseira;Sem Vítimas;Pleno dia;Decrescente;Sol;Dupla;Reta;Urbano;4;4
817513;2010-12-08;Quarta;13:00:00;SP;116;226.0;GUARULHOS;Outras;Colisão lateral;Sem Vítimas;Pleno dia;Decrescente;Sol;Dupla;Reta;Urbano;3;3
817533;2010-12-12;Domingo;11:45:00;SP;116;154.9;SAO JOSE DOS CAMPOS;Outras;Colisão com objeto fixo;Com Vítimas Feridas;Pleno dia;Crescente;Sol;Dupla;Reta;Urbano;1;1
817606;2010-12-01;Quarta;06:15:00;SP;116;107.7;TAUBATE;Dormindo;Colisão com objeto fixo;Sem Vítimas;Pleno dia;Decrescente;Ceu Claro;Dupla;Reta;Urbano;2;2
817710;2010-11-30;Terça;19:10:00;SP;116;222.0;GUARULHOS;Não guardar distância de segurança;Colisão traseira;Sem Vítimas;Anoitecer;Decrescente;Ceu Claro;Múltipla;Reta;Urbano;2;2
817735;2010-12-04;Sábado;11:00:00;SP;116;226.0;GUARULHOS;Velocidade incompatível;Colisão lateral;Com Vítimas Feridas;Pleno dia;Crescente;Sol;Múltipla;Reta;Urbano;2;2
817784;2010-12-12;Domingo;15:04:00;SP;116;126.6;CACAPAVA;Outras;Colisão traseira;Sem Vítimas;Pleno dia;Crescente;Nublado;Dupla;Reta;Urbano;2;2
817826;2010-12-12;Domingo;17:00:00;SP;116;106.8;TAUBATE;Outras;Colisão traseira;Sem Vítimas;Pleno dia;Crescente;Nublado;Dupla;Reta;Urbano;2;2
817920;2010-12-08;Quarta;09:30:00;SP;116;222.5;GUARULHOS;Outras;Colisão traseira;Sem Vítimas;Pleno dia;Decrescente;Sol;Múltipla;Reta;Urbano;2;2
817955;2010-12-10;Sexta;08:30:00;SP;116;142.0;SAO JOSE DOS CAMPOS;Outras;Colisão traseira;Sem Vítimas;Pleno dia;Decrescente;Nublado;Dupla;Reta;Urbano;5;5
817960;2010-12-08;Quarta;14:00:00;SP;116;228.0;SAO PAULO;Outras;Colisão traseira;Sem Vítimas;Pleno dia;Decrescente;Sol;Múltipla;Reta;Urbano;4;4
817972;2010-12-06;Segunda;18:50:00;SP;116;149.1;SAO JOSE DOS CAMPOS;Outras;Colisão traseira;Sem Vítimas;Anoitecer;Crescente;Chuva;Dupla;Reta;Urbano;5;5
818008;2010-12-07;Terça;19:45:00;SP;116;158.0;JACAREI;Outras;Colisão traseira;Sem Vítimas;Plena noite;Decrescente;Ceu Claro;Dupla;Reta;Urbano;2;2
818022;2010-12-07;Terça;07:25:00;SP;116;156.5;SAO JOSE DOS CAMPOS;Outras;Colisão lateral;Sem Vítimas;Pleno dia;Crescente;Nublado;Dupla;Reta;Urbano;2;2
818115;2010-12-13;Segunda;03:45:00;SP;116;211.3;GUARULHOS;Outras;Colisão traseira;Sem Vítimas;Plena noite;Crescente;Chuva;Múltipla;Reta;Urbano;2;2
818123;2010-12-12;Domingo;23:45:00;SP;116;205.9;GUARULHOS;Outras;Colisão traseira;Com Vítimas Feridas;Plena noite;Crescente;Chuva;Dupla;Reta;Rural;3;2
818190;2010-12-13;Segunda;12:00:00;SP;116;216.0;GUARULHOS;Falta de atenção;Colisão traseira;Sem Vítimas;Pleno dia;Crescente;Ceu Claro;Múltipla;Reta;Urbano;2;2
818192;2010-12-08;Quarta;08:00:00;SP;116;147.6;SAO JOSE DOS CAMPOS;Outras;Colisão traseira;Sem Vítimas;Pleno dia;Decrescente;Ceu Claro;Dupla;Reta;Urbano;2;2
818219;2010-12-10;Sexta;18:10:00;SP;116;155.0;SAO JOSE DOS CAMPOS;Outras;Colisão traseira;Sem Vítimas;Pleno dia;Decrescente;Sol;Dupla;Reta;Urbano;3;3
818243;2010-12-13;Segunda;14:10:00;SP;116;221.0;GUARULHOS;Falta de atenção;Colisão traseira;Sem Vítimas;Pleno dia;Decrescente;Ceu Claro;Múltipla;Reta;Urbano;2;2
818296;2010-12-13;Segunda;16:20:00;SP;116;204.0;ARUJA;Falta de atenção;Colisão traseira;Sem Vítimas;Pleno dia;Crescente;Ceu Claro;Dupla;Reta;Urbano;2;2
818331;2010-12-13;Segunda;17:00:00;SP;116;210.0;GUARULHOS;Falta de atenção;Colisão lateral;Com Vítimas Feridas;Pleno dia;Crescente;Chuva;Dupla;Reta;Urbano;3;2
818374;2010-12-13;Segunda;18:00:00;SP;116;210.0;GUARULHOS;Falta de atenção;Colisão frontal;Sem Vítimas;Plena noite;Crescente;Chuva;Dupla;Reta;Urbano;2;2
818381;2010-12-10;Sexta;18:10:00;SP;116;221.0;GUARULHOS;Falta de atenção;Colisão traseira;Com Vítimas Feridas;Pleno dia;Decrescente;Nublado;Múltipla;Reta;Urbano;2;2
818386;2010-12-09;Quinta;22:15:00;SP;116;165.0;JACAREI;Falta de atenção;Colisão traseira;Sem Vítimas;Plena noite;Decrescente;Ceu Claro;Múltipla;Reta;Urbano;2;2
818417;2010-12-13;Segunda;19:20:00;SP;116;171.0;JACAREI;Falta de atenção;Colisão traseira;Sem Vítimas;Anoitecer;Crescente;Chuva;Dupla;Curva;Urbano;2;2
818429;2010-12-10;Sexta;05:50:00;SP;116;184.3;SANTA ISABEL;Outras;Tombamento;Com Vítimas Feridas;Amanhecer;Decrescente;Ceu Claro;Dupla;Curva;Urbano;1;1
818510;2010-12-14;Terça;03:10:00;SP;116;157.0;SAO JOSE DOS CAMPOS;Dormindo;Colisão traseira;Sem Vítimas;Plena noite;Decrescente;Ceu Claro;Dupla;Reta;Urbano;2;2
818512;2010-12-14;Terça;02:35:00;SP;116;129.4;CACAPAVA;Outras;Colisão com objeto fixo;Sem Vítimas;Plena noite;Crescente;Ceu Claro;Dupla;Reta;Urbano;1;1
818592;2010-12-13;Segunda;07:30:00;SP;116;169.0;JACAREI;Não guardar distância de segurança;Colisão traseira;Sem Vítimas;Pleno dia;Crescente;Nublado;Dupla;Reta;Rural;2;2
818617;2010-12-13;Segunda;08:15:00;SP;116;163.0;JACAREI;Não guardar distância de segurança;Colisão traseira;Sem Vítimas;Pleno dia;Decrescente;Ceu Claro;Dupla;Reta;Rural;2;2
818622;2010-12-11;Sábado;17:15:00;SP;116;145.9;SAO JOSE DOS CAMPOS;Não guardar distância de segurança;Colisão traseira;Sem Vítimas;Pleno dia;Crescente;Nublado;Dupla;Reta;Urbano;3;3
818634;2010-12-13;Segunda;22:05:00;SP;116;110.3;TAUBATE;Outras;Colisão lateral;Sem Vítimas;Plena noite;Crescente;Nublado;Dupla;Reta;Urbano;2;2
818810;2010-12-07;Terça;02:50:00;SP;116;124.4;CACAPAVA;Outras;Colisão traseira;Sem Vítimas;Plena noite;Decrescente;Nublado;Dupla;Reta;Rural;2;2
818848;2010-12-08;Quarta;11:05:00;SP;116;204.0;ARUJA;Velocidade incompatível;Colisão traseira;Sem Vítimas;Pleno dia;Crescente;Ceu Claro;Dupla;Reta;Rural;2;2
818861;2010-12-10;Sexta;12:45:00;SP;116;144.0;SAO JOSE DOS CAMPOS;Outras;Colisão lateral;Sem Vítimas;Pleno dia;Decrescente;Ceu Claro;Dupla;Reta;Urbano;2;2
818865;2010-12-11;Sábado;18:35:00;SP;116;218.0;GUARULHOS;Falta de atenção;Colisão com objeto fixo;Sem Vítimas;Anoitecer;Crescente;Chuva;Dupla;Reta;Urbano;1;1
818876;2010-12-10;Sexta;20:08:00;SP;116;155.0;SAO JOSE DOS CAMPOS;Outras;Colisão traseira;Sem Vítimas;Plena noite;Crescente;Ceu Claro;Dupla;Reta;Urbano;5;5
818887;2010-12-11;Sábado;07:30:00;SP;116;207.0;GUARULHOS;Outras;Atropelamento de pessoa;Com Vítimas Feridas;Amanhecer;Decrescente;Ceu Claro;Múltipla;Reta;Urbano;3;1
818893;2010-12-09;Quinta;23:30:00;SP;116;222.0;GUARULHOS;Falta de atenção;Colisão lateral;Com Vítimas Feridas;Plena noite;Decrescente;Nublado;Múltipla;Reta;Urbano;2;2
818936;2010-12-14;Terça;14:20:00;SP;116;223.5;GUARULHOS;Falta de atenção;Colisão traseira;Com Vítimas Feridas;Pleno dia;Decrescente;Chuva;Múltipla;Reta;Urbano;2;2
818939;2010-12-14;Terça;15:00:00;SP;116;141.0;SAO JOSE DOS CAMPOS;Falta de atenção;Colisão traseira;Sem Vítimas;Pleno dia;Crescente;Sol;Dupla;Reta;Urbano;3;3
818947;2010-12-11;Sábado;05:20:00;SP;116;128.0;CACAPAVA;Falta de atenção;Colisão traseira;Sem Vítimas;Amanhecer;Decrescente;Ceu Claro;Dupla;Reta;Urbano;2;2
818951;2010-12-13;Segunda;01:15:00;SP;116;215.0;GUARULHOS;Outras;Colisão traseira;Sem Vítimas;Plena noite;Crescente;Chuva;Dupla;Reta;Urbano;3;3
818972;2010-12-14;Terça;18:40:00;SP;116;108.0;TAUBATE;Falta de atenção;Colisão traseira;Sem Vítimas;Pleno dia;Decrescente;Chuva;Dupla;Reta;Urbano;2;2
819006;2010-12-13;Segunda;01:45:00;SP;116;215.0;GUARULHOS;Outras;Colisão com objeto fixo;Sem Vítimas;Plena noite;Decrescente;Chuva;Dupla;Reta;Urbano;1;1
819018;2010-11-29;Segunda;18:45:00;SP;116;145.0;SAO JOSE DOS CAMPOS;Outras;Colisão traseira;Sem Vítimas;Pleno dia;Crescente;Ceu Claro;Dupla;Reta;Urbano;2;2
819067;2010-12-13;Segunda;09:00:00;SP;116;219.0;GUARULHOS;Falta de atenção;Colisão traseira;Com Vítimas Feridas;Pleno dia;Crescente;Nublado;Múltipla;Reta;Urbano;2;2
819089;2010-12-12;Domingo;13:10:00;SP;116;205.0;GUARULHOS;Não guardar distância de segurança;Colisão lateral;Sem Vítimas;Pleno dia;Crescente;Sol;Dupla;Reta;Urbano;2;2
819146;2010-12-14;Terça;22:40:00;SP;116;205.1;ARUJA;Falta de atenção;Colisão traseira;Com Vítimas Feridas;Plena noite;Decrescente;Chuva;Múltipla;Reta;Urbano;3;3
819175;2010-12-15;Quarta;00:50:00;SP;116;150.0;SAO JOSE DOS CAMPOS;Outras;Colisão lateral;Sem Vítimas;Plena noite;Crescente;Nublado;Simples;Reta;Urbano;2;2
819196;2010-12-11;Sábado;18:44:00;SP;116;107.5;TAUBATE;Outras;Colisão com objeto fixo;Sem Vítimas;Pleno dia;Decrescente;Ceu Claro;Dupla;Reta;Urbano;2;2
819199;2010-12-07;Terça;23:40:00;SP;116;131.0;CACAPAVA;Outras;Colisão lateral;Sem Vítimas;Plena noite;Decrescente;Ceu Claro;Dupla;Reta;Rural;2;2
819243;2010-12-11;Sábado;17:22:00;SP;116;121.0;CACAPAVA;Outras;Colisão traseira;Sem Vítimas;Pleno dia;Decrescente;Ceu Claro;Dupla;Reta;Rural;2;2